date,timestamp,open,high,low,close
2017-10-19,1508371200,2.348,2.348,2.298,2.32
2017-10-20,1508457600,2.32,2.392,2.316,2.386
2017-10-23,1508716800,2.383,2.397,2.365,2.368
2017-10-24,1508803200,2.368,2.428,2.365,2.421
2017-10-25,1508889600,2.423,2.475,2.413,2.433
2017-10-26,1508976000,2.432,2.463,2.408,2.463
2017-10-27,1509062400,2.463,2.477,2.408,2.41
2017-10-30,1509321600,2.416,2.416,2.367,2.37
2017-10-31,1509408000,2.37,2.385,2.358,2.381
2017-11-01,1509494400,2.379,2.401,2.349,2.374
2017-11-02,1509580800,2.374,2.379,2.336,2.347
2017-11-03,1509667200,2.349,2.361,2.324,2.334
2017-11-06,1509926400,2.333,2.354,2.314,2.318
2017-11-07,1510012800,2.318,2.34,2.304,2.316
2017-11-08,1510099200,2.316,2.336,2.302,2.336
2017-11-09,1510185600,2.338,2.345,2.315,2.343
2017-11-10,1510272000,2.343,2.405,2.336,2.4
2017-11-13,1510531200,2.402,2.411,2.37,2.407
2017-11-14,1510617600,2.407,2.414,2.377,2.381
2017-11-15,1510704000,2.381,2.381,2.322,2.324
2017-11-16,1510790400,2.324,2.379,2.322,2.377
2017-11-17,1510876800,2.377,2.377,2.336,2.345
2017-11-20,1511136000,2.345,2.372,2.324,2.368
2017-11-21,1511222400,2.37,2.374,2.335,2.358
2017-11-22,1511308800,2.358,2.376,2.319,2.321
2017-11-23,1511395200,2.321,2.321,2.321,2.321
2017-11-24,1511481600,2.321,2.353,2.321,2.34
2017-11-27,1511740800,2.34,2.354,2.324,2.331
2017-11-28,1511827200,2.331,2.342,2.31,2.329
2017-11-29,1511913600,2.328,2.395,2.321,2.39
2017-11-30,1512000000,2.39,2.437,2.379,2.411
2017-12-01,1512086400,2.411,2.424,2.319,2.363
2017-12-04,1512345600,2.363,2.421,2.363,2.374
2017-12-05,1512432000,2.374,2.396,2.353,2.353
2017-12-06,1512518400,2.351,2.363,2.314,2.34
2017-12-07,1512604800,2.34,2.376,2.322,2.365
2017-12-08,1512691200,2.365,2.392,2.362,2.378
2017-12-11,1512950400,2.378,2.39,2.353,2.39
2017-12-12,1513036800,2.389,2.419,2.376,2.403
2017-12-13,1513123200,2.403,2.426,2.344,2.344
2017-12-14,1513209600,2.344,2.389,2.344,2.351
2017-12-15,1513296000,2.351,2.38,2.346,2.355
2017-12-18,1513555200,2.351,2.398,2.351,2.396
2017-12-19,1513641600,2.396,2.472,2.389,2.466
2017-12-20,1513728000,2.464,2.502,2.446,2.499
2017-12-21,1513814400,2.499,2.504,2.479,2.484
2017-12-22,1513900800,2.484,2.492,2.477,2.485
2017-12-25,1514160000,2.485,2.485,2.485,2.485
2017-12-26,1514246400,2.485,2.497,2.459,2.477
2017-12-27,1514332800,2.477,2.479,2.407,2.413
2017-12-28,1514419200,2.413,2.441,2.413,2.432
2017-12-29,1514505600,2.43,2.442,2.405,2.405
2018-01-01,1514764800,2.405,2.405,2.405,2.405
2018-01-02,1514851200,2.405,2.482,2.405,2.465
2018-01-03,1514937600,2.465,2.472,2.44,2.449
2018-01-04,1515024000,2.449,2.487,2.445,2.454
2018-01-05,1515110400,2.456,2.48,2.433,2.478
2018-01-08,1515369600,2.476,2.489,2.462,2.482
2018-01-09,1515456000,2.48,2.555,2.48,2.555
2018-01-10,1515542400,2.555,2.597,2.544,2.559
2018-01-11,1515628800,2.557,2.57,2.526,2.538
2018-01-12,1515715200,2.538,2.592,2.537,2.55
2018-01-15,1515974400,2.55,2.55,2.55,2.55
2018-01-16,1516060800,2.55,2.563,2.522,2.539
2018-01-17,1516147200,2.537,2.592,2.53,2.592
2018-01-18,1516233600,2.59,2.627,2.585,2.627
2018-01-19,1516320000,2.627,2.663,2.613,2.661
2018-01-22,1516579200,2.661,2.672,2.631,2.652
2018-01-23,1516665600,2.65,2.659,2.611,2.615
2018-01-24,1516752000,2.617,2.665,2.609,2.648
2018-01-25,1516838400,2.648,2.676,2.615,2.619
2018-01-26,1516924800,2.617,2.673,2.615,2.662
2018-01-29,1517184000,2.66,2.727,2.654,2.696
2018-01-30,1517270400,2.697,2.733,2.681,2.722
2018-01-31,1517356800,2.72,2.754,2.696,2.707
2018-02-01,1517443200,2.709,2.793,2.709,2.792
2018-02-02,1517529600,2.792,2.854,2.782,2.843
2018-02-05,1517788800,2.841,2.885,2.698,2.708
2018-02-06,1517875200,2.708,2.807,2.648,2.804
2018-02-07,1517961600,2.805,2.861,2.758,2.838
2018-02-08,1518048000,2.84,2.884,2.808,2.826
2018-02-09,1518134400,2.824,2.864,2.786,2.853
2018-02-12,1518393600,2.857,2.902,2.828,2.86
2018-02-13,1518480000,2.86,2.862,2.822,2.831
2018-02-14,1518566400,2.829,2.92,2.808,2.904
2018-02-15,1518652800,2.906,2.944,2.882,2.911
2018-02-16,1518739200,2.911,2.915,2.849,2.877
2018-02-19,1518998400,2.873,2.873,2.873,2.873
2018-02-20,1519084800,2.873,2.928,2.873,2.891
2018-02-21,1519171200,2.891,2.957,2.877,2.952
2018-02-22,1519257600,2.95,2.952,2.904,2.922
2018-02-23,1519344000,2.922,2.937,2.861,2.87
2018-02-26,1519603200,2.866,2.879,2.831,2.848
2018-02-28,1519776000,2.897,2.912,2.862,2.864
2018-03-01,1519862400,2.862,2.875,2.795,2.81
2018-03-02,1519948800,2.81,2.87,2.793,2.866
2018-03-05,1520208000,2.868,2.897,2.81,2.883
2018-03-06,1520294400,2.883,2.906,2.857,2.888
2018-03-07,1520380800,2.89,2.894,2.84,2.885
2018-03-08,1520467200,2.886,2.892,2.848,2.859
2018-03-09,1520553600,2.861,2.914,2.857,2.896
2018-03-12,1520812800,2.896,2.91,2.863,2.87
2018-03-13,1520899200,2.872,2.883,2.83,2.844
2018-03-14,1520985600,2.844,2.857,2.801,2.819
2018-03-15,1521072000,2.819,2.835,2.797,2.83
2018-03-16,1521158400,2.832,2.859,2.81,2.846
2018-03-19,1521417600,2.8445000648498,2.9196999073029,2.8445000648498,2.8554999828339
2018-03-20,1521504000,2.8570001125336,2.8789999485016,2.8329999446869,2.8559999465942
2018-03-21,1521590400,2.9,2.936,2.87,2.885
2018-03-22,1521676800,2.887,2.889,2.799,2.826
2018-03-23,1521763200,2.826,2.852,2.792,2.815
2018-03-26,1522022400,2.813,2.856,2.813,2.854
2018-03-27,1522108800,2.854,2.856,2.77,2.777
2018-03-28,1522195200,2.777,2.79,2.743,2.784
2018-03-29,1522281600,2.783,2.792,2.739,2.741
2018-03-30,1522368000,2.741,2.741,2.741,2.741
2018-04-02,1522627200,2.741,2.773,2.717,2.732
2018-04-03,1522713600,2.732,2.79,2.73,2.777
2018-04-04,1522800000,2.779,2.81,2.748,2.804
2018-04-05,1522886400,2.804,2.8301999568939,2.803,2.825
2018-04-06,1522972800,2.8338000774384,2.8338000774384,2.768,2.775
2018-04-09,1523232000,2.775,2.814,2.772,2.781
2018-04-10,1523318400,2.783,2.812,2.779,2.803
2018-04-11,1523404800,2.803,2.806,2.755,2.783
2018-04-12,1523491200,2.783,2.843,2.772,2.838
2018-04-13,1523577600,2.84,2.849,2.816,2.829
2018-04-16,1523836800,2.825,2.865,2.825,2.829
2018-04-17,1523923200,2.829,2.849,2.814,2.83
2018-04-18,1524009600,2.83,2.877,2.823,2.875
2018-04-19,1524096000,2.875,2.934,2.862,2.912
2018-04-20,1524182400,2.912,2.962,2.904,2.962
2018-04-23,1524441600,2.96,2.998,2.96,2.975
2018-04-24,1524528000,2.975,3.003,2.957,3.001
2018-04-25,1524614400,3.001,3.035,2.99,3.028
2018-04-26,1524700800,3.03,3.033,2.981,2.983
2018-04-27,1524787200,2.983,2.988,2.955,2.959
2018-04-30,1525046400,2.959,2.972,2.934,2.955
2018-05-01,1525132800,2.953,2.979,2.949,2.966
2018-05-02,1525219200,2.966,2.996,2.957,2.968
2018-05-03,1525305600,2.966,2.978,2.927,2.948
2018-05-04,1525392000,2.948,2.965,2.91,2.951
2018-05-07,1525651200,2.951,2.972,2.937,2.952
2018-05-08,1525737600,2.952,2.987,2.944,2.978
2018-05-09,1525824000,2.978,3.014,2.972,3.006
2018-05-10,1525910400,3.006,3.006,2.948,2.964
2018-05-11,1525996800,2.964,2.982,2.948,2.973
2018-05-14,1526256000,2.97,3.004,2.959,3.004
2018-05-15,1526342400,3.006,3.095,2.997,3.074
2018-05-16,1526428800,3.074,3.104,3.058,3.098
2018-05-17,1526515200,3.098,3.122,3.087,3.113
2018-05-18,1526601600,3.113,3.128,3.058,3.058
2018-05-21,1526860800,3.06,3.084,3.054,3.062
2018-05-22,1526947200,3.062,3.08,3.05,3.062
2018-05-23,1527033600,3.062,3.065,2.99,2.995
2018-05-24,1527120000,2.994,3.014,2.955,2.979
2018-05-25,1527206400,2.979,2.997,2.922,2.931
2018-05-28,1527465600,2.931,2.931,2.931,2.931
2018-05-29,1527552000,2.931,2.931,2.759,2.783
2018-05-30,1527638400,2.784,2.888,2.75,2.857
2018-05-31,1527724800,2.857,2.886,2.822,2.86
2018-06-01,1527811200,2.86,2.926,2.859,2.904
2018-06-04,1528070400,2.902,2.946,2.9,2.944
2018-06-05,1528156800,2.944,2.944,2.9,2.93
2018-06-06,1528243200,2.93,2.981,2.926,2.974
2018-06-07,1528329600,2.974,2.994,2.884,2.922
2018-06-08,1528416000,2.922,2.95,2.889,2.948
2018-06-11,1528675200,2.948,2.97,2.944,2.953
2018-06-12,1528761600,2.953,2.981,2.944,2.963
2018-06-13,1528848000,2.963,3.01,2.95,2.968
2018-06-14,1528934400,2.966,2.975,2.928,2.937
2018-06-15,1529020800,2.937,2.939,2.889,2.922
2018-06-18,1529280000,2.922,2.933,2.9,2.919
2018-06-19,1529366400,2.921,2.921,2.853,2.899
2018-06-20,1529452800,2.899,2.941,2.882,2.939
2018-06-21,1529539200,2.941,2.95,2.891,2.899
2018-06-22,1529625600,2.899,2.928,2.893,2.897
2018-06-25,1529884800,2.895,2.897,2.866,2.882
2018-06-26,1529971200,2.882,2.9,2.866,2.878
2018-06-27,1530057600,2.878,2.886,2.825,2.827
2018-06-28,1530144000,2.829,2.853,2.822,2.838
2018-06-29,1530230400,2.838,2.868,2.833,2.862
2018-07-02,1530489600,2.86,2.873,2.824,2.871
2018-07-03,1530576000,2.871,2.884,2.831,2.833
2018-07-04,1530662400,2.833,2.833,2.833,2.833
2018-07-05,1530748800,2.833,2.866,2.82,2.831
2018-07-06,1530835200,2.833,2.849,2.807,2.824
2018-07-09,1531094400,2.824,2.862,2.824,2.86
2018-07-10,1531180800,2.86,2.875,2.851,2.851
2018-07-11,1531267200,2.849,2.867,2.825,2.851
2018-07-12,1531353600,2.851,2.871,2.84,2.847
2018-07-13,1531440000,2.849,2.858,2.827,2.829
2018-07-16,1531699200,2.829,2.877,2.823,2.86
2018-07-17,1531785600,2.86,2.873,2.847,2.862
2018-07-18,1531872000,2.862,2.882,2.847,2.871
2018-07-19,1531958400,2.871,2.897,2.831,2.84
2018-07-20,1532044800,2.838,2.899,2.836,2.895
2018-07-23,1532304000,2.895,2.967,2.882,2.958
2018-07-24,1532390400,2.958,2.973,2.945,2.95
2018-07-25,1532476800,2.95,2.976,2.93,2.976
2018-07-26,1532563200,2.976,2.984,2.947,2.978
2018-07-27,1532649600,2.978,2.988,2.95,2.956
2018-07-30,1532908800,2.958,2.99,2.958,2.975
2018-07-31,1532995200,2.975,2.977,2.934,2.962
2018-08-01,1533081600,2.962,3.016,2.952,3.008
2018-08-02,1533168000,3.008,3.008,2.975,2.988
2018-08-03,1533254400,2.986,2.997,2.951,2.951
2018-08-06,1533513600,2.951,2.962,2.925,2.941
2018-08-07,1533600000,2.943,2.979,2.936,2.975
2018-08-08,1533686400,2.975,2.986,2.958,2.962
2018-08-09,1533772800,2.962,2.964,2.924,2.928
2018-08-10,1533859200,2.928,2.931,2.853,2.875
2018-08-13,1534118400,2.875,2.889,2.848,2.88
2018-08-14,1534204800,2.88,2.902,2.875,2.9
2018-08-15,1534291200,2.902,2.902,2.837,2.864
2018-08-16,1534377600,2.864,2.893,2.857,2.868
2018-08-17,1534464000,2.868,2.875,2.844,2.853
2018-08-20,1534723200,2.853,2.869,2.815,2.821
2018-08-21,1534809600,2.821,2.853,2.819,2.832
2018-08-22,1534896000,2.832,2.842,2.808,2.821
2018-08-23,1534982400,2.821,2.832,2.812,2.828
2018-08-24,1535068800,2.828,2.85,2.822,2.826
2018-08-27,1535328000,2.826,2.851,2.815,2.848
2018-08-28,1535414400,2.848,2.888,2.844,2.882
2018-08-29,1535500800,2.884,2.895,2.866,2.888
2018-08-30,1535587200,2.888,2.888,2.855,2.857
2018-08-31,1535673600,2.857,2.868,2.837,2.862
2018-09-03,1535932800,2.862,2.862,2.862,2.862
2018-09-04,1536019200,2.862,2.906,2.855,2.9
2018-09-05,1536105600,2.9,2.917,2.884,2.904
2018-09-06,1536192000,2.904,2.911,2.871,2.875
2018-09-07,1536278400,2.875,2.95,2.869,2.942
2018-09-10,1536537600,2.942,2.95,2.93,2.933
2018-09-11,1536624000,2.933,2.983,2.931,2.977
2018-09-12,1536710400,2.979,2.981,2.955,2.965
2018-09-13,1536796800,2.959,2.975,2.957,2.972
2018-09-14,1536883200,2.972,3.003,2.968,2.998
2018-09-17,1537142400,2.998,3.022,2.985,2.989
2018-09-18,1537228800,2.989,3.059,2.977,3.057
2018-09-19,1537315200,3.057,3.092,3.044,3.064
2018-09-20,1537401600,3.063,3.096,3.059,3.072
2018-09-21,1537488000,3.072,3.085,3.063,3.065
2018-09-24,1537747200,3.065,3.098,3.065,3.091
2018-09-25,1537833600,3.091,3.113,3.087,3.102
2018-09-26,1537920000,3.102,3.102,3.048,3.05
2018-09-27,1538006400,3.05,3.074,3.03,3.054
2018-09-28,1538092800,3.054,3.065,3.03,3.063
2018-10-01,1538352000,3.063,3.095,3.063,3.086
2018-10-02,1538438400,3.084,3.087,3.046,3.065
2018-10-03,1538524800,3.067,3.187,3.05,3.183
2018-10-04,1538611200,3.185,3.232,3.176,3.189
2018-10-05,1538697600,3.189,3.248,3.187,3.235
2018-10-08,1538956800,3.235,3.235,3.235,3.235
2018-10-09,1539043200,3.235,3.261,3.203,3.208
2018-10-10,1539129600,3.212,3.244,3.165,3.165
2018-10-11,1539216000,3.165,3.195,3.123,3.152
2018-10-12,1539302400,3.152,3.184,3.131,3.163
2018-10-15,1539561600,3.158,3.165,3.143,3.158
2018-10-16,1539648000,3.158,3.178,3.152,3.165
2018-10-17,1539734400,3.163,3.207,3.148,3.207
2018-10-18,1539820800,3.207,3.215,3.163,3.18
2018-10-19,1539907200,3.177,3.205,3.169,3.194
2018-10-22,1540166400,3.19,3.207,3.181,3.2
2018-10-23,1540252800,3.2,3.2,3.115,3.17
2018-10-24,1540339200,3.171,3.171,3.1,3.105
2018-10-25,1540425600,3.111,3.145,3.1,3.119
2018-10-26,1540512000,3.126,3.126,3.059,3.077
2018-10-29,1540771200,3.083,3.115,3.062,3.087
2018-10-30,1540857600,3.089,3.124,3.085,3.124
2018-10-31,1540944000,3.119,3.159,3.119,3.145
2018-11-01,1541030400,3.149,3.172,3.132,3.132
2018-11-02,1541116800,3.134,3.22,3.134,3.214
2018-11-05,1541376000,3.21,3.21,3.186,3.203
2018-11-06,1541462400,3.201,3.231,3.191,3.229
2018-11-07,1541548800,3.231,3.241,3.176,3.237
2018-11-08,1541635200,3.237,3.243,3.208,3.239
2018-11-09,1541721600,3.239,3.239,3.182,3.184
2018-11-12,1541980800,3.186,3.186,3.186,3.186
2018-11-13,1542067200,3.156,3.175,3.14,3.142
2018-11-14,1542153600,3.142,3.163,3.094,3.127
2018-11-15,1542240000,3.127,3.134,3.085,3.112
2018-11-16,1542326400,3.11,3.121,3.065,3.065
2018-11-19,1542585600,3.057,3.096,3.054,3.065
2018-11-20,1542672000,3.063,3.07,3.039,3.065
2018-11-21,1542758400,3.061,3.087,3.061,3.063
2018-11-22,1542844800,3.065,3.065,3.065,3.065
2018-11-23,1542931200,3.065,3.074,3.034,3.046
2018-11-26,1543190400,3.048,3.079,3.048,3.055
2018-11-27,1543276800,3.057,3.07,3.046,3.057
2018-11-28,1543363200,3.057,3.074,3.044,3.061
2018-11-29,1543449600,3.061,3.061,2.999,3.032
2018-11-30,1543536000,3.032,3.032,2.99,2.99
2018-12-03,1543795200,3.037,3.048,2.97,2.971
2018-12-04,1543881600,2.966,2.977,2.89,2.915
2018-12-05,1543968000,2.915,2.915,2.915,2.915
2018-12-06,1544054400,2.912,2.923,2.833,2.897
2018-12-07,1544140800,2.892,2.906,2.849,2.849
2018-12-10,1544400000,2.833,2.866,2.829,2.861
2018-12-11,1544486400,2.863,2.888,2.845,2.881
2018-12-12,1544572800,2.879,2.906,2.879,2.902
2018-12-13,1544659200,2.913,2.917,2.892,2.915
2018-12-14,1544745600,2.913,2.913,2.872,2.893
2018-12-17,1545004800,2.893,2.898,2.85,2.859
2018-12-18,1545091200,2.857,2.861,2.819,2.819
2018-12-19,1545177600,2.823,2.855,2.757,2.757
2018-12-20,1545264000,2.762,2.812,2.749,2.808
2018-12-21,1545350400,2.808,2.808,2.781,2.794
2018-12-24,1545609600,2.788,2.801,2.736,2.736
2018-12-26,1545782400,2.749,2.813,2.72,2.81
2018-12-27,1545868800,2.81,2.81,2.733,2.768
2018-12-28,1545955200,2.774,2.779,2.715,2.722
2018-12-31,1546214400,2.716,2.745,2.682,2.686
2019-01-02,1546387200,2.686,2.696,2.622,2.622
2019-01-03,1546473600,2.633,2.656,2.548,2.555
2019-01-04,1546560000,2.552,2.671,2.545,2.671
2019-01-07,1546819200,2.668,2.698,2.634,2.698
2019-01-08,1546905600,2.698,2.732,2.689,2.73
2019-01-09,1546992000,2.73,2.748,2.71,2.712
2019-01-10,1547078400,2.712,2.746,2.683,2.744
2019-01-11,1547164800,2.746,2.746,2.683,2.703
2019-01-14,1547424000,2.699,2.709,2.662,2.704
2019-01-15,1547510400,2.706,2.719,2.681,2.715
2019-01-16,1547596800,2.718,2.743,2.706,2.727
2019-01-17,1547683200,2.724,2.758,2.7,2.752
2019-01-18,1547769600,2.75,2.795,2.743,2.786
2019-01-22,1548115200,2.775,2.775,2.727,2.741
2019-01-23,1548201600,2.741,2.775,2.736,2.743
2019-01-24,1548288000,2.75,2.752,2.701,2.717
2019-01-25,1548374400,2.716,2.76,2.714,2.76
2019-01-28,1548633600,2.755,2.766,2.728,2.748
2019-01-29,1548720000,2.742,2.746,2.708,2.712
2019-01-30,1548806400,2.71,2.733,2.679,2.679
2019-01-31,1548892800,2.678,2.683,2.619,2.631
2019-02-01,1548979200,2.633,2.697,2.623,2.686
2019-02-04,1549238400,2.691,2.731,2.684,2.725
2019-02-05,1549324800,2.725,2.736,2.689,2.7
2019-02-06,1549411200,2.704,2.705,2.673,2.696
2019-02-07,1549497600,2.7,2.7,2.65,2.659
2019-02-08,1549584000,2.657,2.659,2.627,2.636
2019-02-11,1549843200,2.634,2.668,2.634,2.655
2019-02-12,1549929600,2.654,2.689,2.654,2.689
2019-02-13,1550016000,2.686,2.715,2.682,2.704
2019-02-14,1550102400,2.709,2.713,2.645,2.655
2019-02-15,1550188800,2.655,2.682,2.645,2.664
2019-02-19,1550534400,2.673,2.673,2.636,2.636
2019-02-20,1550620800,2.636,2.657,2.628,2.647
2019-02-21,1550707200,2.648,2.697,2.643,2.695
2019-02-22,1550793600,2.695,2.695,2.638,2.655
2019-02-25,1551052800,2.664,2.684,2.655,2.664
2019-02-26,1551139200,2.668,2.668,2.632,2.638
2019-02-27,1551225600,2.638,2.697,2.628,2.684
2019-02-28,1551312000,2.686,2.728,2.659,2.717
2019-03-01,1551398400,2.717,2.768,2.711,2.757
2019-03-04,1551657600,2.769,2.769,2.72,2.724
2019-03-05,1551744000,2.726,2.748,2.717,2.719
2019-03-06,1551830400,2.719,2.719,2.681,2.695
2019-03-07,1551916800,2.693,2.693,2.636,2.641
2019-03-08,1552003200,2.643,2.65,2.618,2.632
2019-03-11,1552262400,2.628,2.657,2.625,2.641
2019-03-12,1552348800,2.663,2.674,2.598,2.603
2019-03-13,1552435200,2.6,2.628,2.6,2.623
2019-03-14,1552521600,2.625,2.641,2.612,2.632
2019-03-15,1552608000,2.63,2.636,2.58,2.589
2019-03-18,1552867200,2.592,2.611,2.585,2.607
2019-03-19,1552953600,2.605,2.632,2.591,2.614
2019-03-20,1553040000,2.618,2.618,2.525,2.528
2019-03-21,1553126400,2.525,2.541,2.499,2.541
2019-03-22,1553212800,2.539,2.541,2.42,2.42
2019-03-25,1553472000,2.45,2.469,2.379,2.402
2019-03-26,1553558400,2.405,2.453,2.404,2.425
2019-03-27,1553644800,2.425,2.43,2.36,2.379
2019-03-28,1553731200,2.368,2.398,2.342,2.398
2019-03-29,1553817600,2.391,2.43,2.389,2.407
2019-04-01,1554076800,2.425,2.506,2.425,2.503
2019-04-02,1554163200,2.503,2.503,2.469,2.476
2019-04-03,1554249600,2.472,2.528,2.471,2.526
2019-04-04,1554336000,2.528,2.528,2.497,2.517
2019-04-05,1554422400,2.513,2.54,2.494,2.497
2019-04-08,1554681600,2.504,2.524,2.486,2.524
2019-04-09,1554768000,2.52,2.524,2.485,2.502
2019-04-10,1554854400,2.502,2.502,2.463,2.467
2019-04-11,1554940800,2.465,2.506,2.465,2.499
2019-04-12,1555027200,2.495,2.567,2.49,2.567
2019-04-15,1555286400,2.558,2.571,2.547,2.556
2019-04-16,1555372800,2.554,2.594,2.547,2.592
2019-04-17,1555459200,2.592,2.612,2.581,2.596
2019-04-18,1555545600,2.594,2.594,2.551,2.56
2019-04-22,1555891200,2.561,2.592,2.558,2.59
2019-04-23,1555977600,2.587,2.592,2.565,2.567
2019-04-24,1556064000,2.569,2.57,2.518,2.52
2019-04-25,1556150400,2.518,2.54,2.516,2.534
2019-04-26,1556236800,2.534,2.536,2.495,2.5
2019-04-29,1556496000,2.5,2.541,2.5,2.529
2019-04-30,1556582400,2.527,2.549,2.504,2.504
2019-05-01,1556668800,2.504,2.514,2.459,2.502
2019-05-02,1556755200,2.502,2.554,2.502,2.543
2019-05-03,1556841600,2.545,2.565,2.521,2.527
2019-05-06,1557100800,2.53,2.53,2.473,2.473
2019-05-07,1557187200,2.5,2.5,2.446,2.458
2019-05-08,1557273600,2.448,2.491,2.428,2.485
2019-05-09,1557360000,2.485,2.485,2.428,2.446
2019-05-10,1557446400,2.453,2.473,2.428,2.469
2019-05-13,1557705600,2.437,2.442,2.391,2.403
2019-05-14,1557792000,2.403,2.426,2.394,2.412
2019-05-15,1557878400,2.414,2.417,2.363,2.375
2019-05-16,1557964800,2.377,2.412,2.357,2.396
2019-05-17,1558051200,2.394,2.405,2.366,2.393
2019-05-20,1558310400,2.394,2.417,2.382,2.417
2019-05-21,1558396800,2.419,2.437,2.409,2.428
2019-05-22,1558483200,2.428,2.433,2.382,2.384
2019-05-23,1558569600,2.38,2.386,2.296,2.32
2019-05-24,1558656000,2.322,2.334,2.311,2.324
2019-05-28,1559001600,2.31,2.315,2.262,2.268
2019-05-29,1559088000,2.268,2.268,2.213,2.264
2019-05-30,1559174400,2.262,2.281,2.213,2.215
2019-05-31,1559260800,2.217,2.217,2.13,2.133
2019-06-03,1559520000,2.128,2.133,2.064,2.073
2019-06-04,1559606400,2.075,2.147,2.075,2.131
2019-06-05,1559692800,2.121,2.136,2.081,2.136
2019-06-06,1559779200,2.131,2.133,2.093,2.119
2019-06-07,1559865600,2.121,2.131,2.06,2.083
2019-06-11,1560211200,2.1219999790192,2.1519999504089,2.1119999885559,2.1500000953674
2019-06-12,1560297600,2.1410000324249,2.1779999732971,2.1380000114441,2.1449999809265
2019-06-13,1560384000,2.1380000114441,2.1429998874664,2.1099998950958,2.1219999790192
2019-06-14,1560470400,2.1240000724792,2.1289999485016,2.0820000171661,2.0929999351502
2019-06-15,1560556800,2.0859999656677,2.1099998950958,2.058000087738,2.0840001106262
2019-06-17,1560729600,2.111,2.115,2.082,2.096
2019-06-18,1560816000,2.091,2.096,2.017,2.061
2019-06-19,1560902400,2.058,2.099,2.025,2.025
2019-06-20,1560988800,2.029,2.035,1.975,2.03
2019-06-21,1561075200,2.023,2.07,2.001,2.056
2019-06-24,1561334400,2.057,2.061,2.016,2.016
2019-06-25,1561420800,2.018,2.021,1.983,1.987
2019-06-26,1561507200,1.988,2.05,1.988,2.049
2019-06-27,1561593600,2.05,2.069,2.005,2.016
2019-06-28,1561680000,2.014,2.029,1.998,2.007
2019-07-01,1561939200,2.038,2.048,2.014,2.015
2019-07-02,1562025600,2.015,2.024,1.976,1.976
2019-07-03,1562112000,1.976,1.976,1.941,1.953
2019-07-05,1562284800,1.946,2.068,1.941,2.035
2019-07-08,1562544000,2.042,2.053,2.013,2.049
2019-07-09,1562630400,2.048,2.07,2.034,2.067
2019-07-10,1562716800,2.072,2.108,2.061,2.107
2019-07-11,1562803200,2.039,2.089,2.037,2.086
2019-07-12,1562889600,2.133,2.136,2.124,2.124
2019-07-15,1563148800,2.132,2.139,2.089,2.089
2019-07-16,1563235200,2.087,2.141,2.083,2.141
2019-07-17,1563321600,2.108,2.11,2.075,2.075
2019-07-18,1563408000,2.047,2.066,2.038,2.061
2019-07-19,1563494400,2.038,2.038,2.036,2.036
2019-07-22,1563753600,2.06,2.064,2.029,2.048
2019-07-23,1563840000,2.05,2.083,2.045,2.083
2019-07-24,1563926400,2.078,2.085,2.039,2.046
2019-07-25,1564012800,2.05,2.097,2.015,2.083
2019-07-26,1564099200,2.079,2.088,2.065,2.072
2019-07-29,1564358400,2.076,2.076,2.049,2.067
2019-07-30,1564444800,2.063,2.074,2.046,2.06
2019-07-31,1564531200,2.06,2.061,2.006,2.016
2019-08-01,1564617600,2.007,2.058,1.88,1.895
2019-08-02,1564704000,1.902,1.911,1.833,1.847
2019-08-05,1564963200,1.854,1.854,1.709,1.709
2019-08-06,1565049600,1.718,1.768,1.675,1.704
2019-08-07,1565136000,1.716,1.734,1.61,1.734
2019-08-08,1565222400,1.721,1.786,1.705,1.719
2019-08-09,1565308800,1.719,1.746,1.686,1.746
2019-08-12,1565568000,1.745,1.745,1.633,1.647
2019-08-13,1565654400,1.64,1.707,1.622,1.707
2019-08-14,1565740800,1.702,1.702,1.579,1.581
2019-08-15,1565827200,1.583,1.593,1.495,1.53
2019-08-16,1565913600,1.502,1.589,1.502,1.556
2019-08-19,1566172800,1.576,1.625,1.572,1.608
2019-08-20,1566259200,1.608,1.608,1.54,1.557
2019-08-21,1566345600,1.552,1.601,1.552,1.591
2019-08-22,1566432000,1.591,1.62,1.557,1.617
2019-08-23,1566518400,1.613,1.661,1.51,1.537
2019-08-26,1566777600,1.473,1.547,1.446,1.537
2019-08-27,1566864000,1.538,1.538,1.471,1.474
2019-08-28,1566950400,1.474,1.488,1.451,1.483
2019-08-29,1567036800,1.468,1.533,1.448,1.498
2019-08-30,1567123200,1.498,1.542,1.494,1.499
2019-09-03,1567468800,1.51,1.535,1.432,1.459
2019-09-04,1567555200,1.462,1.498,1.451,1.469
2019-09-05,1567641600,1.471,1.586,1.471,1.56
2019-09-06,1567728000,1.565,1.605,1.54,1.564
2019-09-09,1567987200,1.558,1.645,1.558,1.645
2019-09-10,1568073600,1.647,1.74,1.62,1.733
2019-09-11,1568160000,1.744,1.751,1.709,1.742
2019-09-12,1568246400,1.746,1.798,1.671,1.773
2019-09-13,1568332800,1.778,1.905,1.768,1.899
2019-09-16,1568592000,1.901,1.901,1.821,1.849
2019-09-17,1568678400,1.843,1.85,1.798,1.805
2019-09-18,1568764800,1.81,1.817,1.747,1.798
2019-09-19,1568851200,1.8,1.817,1.754,1.787
2019-09-20,1568937600,1.787,1.793,1.718,1.725
2019-09-23,1569196800,1.722,1.765,1.668,1.728
2019-09-24,1569283200,1.723,1.727,1.632,1.647
2019-09-25,1569369600,1.652,1.739,1.633,1.739
2019-09-26,1569456000,1.737,1.737,1.68,1.697
2019-10-04,1570147200,1.524,1.531,1.508,1.531
2019-10-07,1570406400,1.52,1.565,1.505,1.561
2019-10-08,1570492800,1.565,1.587,1.512,1.531
2019-10-09,1570579200,1.532,1.591,1.529,1.585
2019-10-10,1570665600,1.587,1.672,1.549,1.672
2019-10-11,1570752000,1.67,1.767,1.642,1.732
2019-10-15,1571097600,1.712,1.776,1.677,1.774
2019-10-16,1571184000,1.771,1.771,1.72,1.741
2019-10-17,1571270400,1.745,1.794,1.724,1.754
2019-10-18,1571356800,1.75,1.776,1.729,1.757
2019-10-21,1571616000,1.741,1.805,1.74,1.805
2019-10-22,1571702400,1.803,1.805,1.764,1.764
2019-10-23,1571788800,1.768,1.77,1.731,1.766
2019-10-24,1571875200,1.768,1.78,1.74,1.768
2019-10-25,1571961600,1.771,1.81,1.752,1.798
2019-10-28,1572220800,1.803,1.86,1.803,1.844
2019-10-29,1572307200,1.845,1.86,1.824,1.842
2019-10-30,1572393600,1.837,1.839,1.772,1.773
2019-10-31,1572480000,1.775,1.789,1.682,1.693
2019-11-01,1572566400,1.688,1.744,1.67,1.712
2019-11-04,1572825600,1.714,1.765,1.714,1.754
2019-11-08,1573171200,1.903,1.943,1.902,1.943
2019-11-12,1573516800,1.924,1.956,1.909,1.936
2019-11-13,1573603200,1.928,1.929,1.869,1.888
2019-11-14,1573689600,1.891,1.893,1.808,1.822
2019-11-15,1573776000,1.822,1.851,1.819,1.833
2019-11-18,1574035200,1.826,1.853,1.796,1.817
2019-11-19,1574121600,1.815,1.826,1.779,1.784
2019-11-20,1574208000,1.786,1.786,1.73,1.748
2019-11-21,1574294400,1.747,1.784,1.707,1.774
2019-11-22,1574380800,1.776,1.784,1.746,1.772
2019-11-25,1574640000,1.779,1.791,1.753,1.757
2019-11-26,1574726400,1.752,1.774,1.731,1.743
2019-11-27,1574812800,1.741,1.776,1.74,1.769
2019-11-28,1574899200,1.767,1.767,1.767,1.767
2019-11-29,1574985600,1.778,1.795,1.759,1.774
2019-12-02,1575244800,1.791,1.855,1.791,1.822
2019-12-03,1575331200,1.822,1.845,1.698,1.717
2019-12-04,1575417600,1.717,1.79,1.702,1.776
2019-12-05,1575504000,1.778,1.819,1.759,1.812
2019-12-06,1575590400,1.809,1.859,1.79,1.84
2019-12-09,1575849600,1.845,1.845,1.809,1.821
2019-12-10,1575936000,1.821,1.847,1.802,1.843
2019-12-11,1576022400,1.842,1.842,1.783,1.795
2019-12-12,1576108800,1.793,1.908,1.788,1.894
2019-12-13,1576195200,1.896,1.95,1.816,1.824
2019-12-16,1576454400,1.835,1.892,1.831,1.873
2019-12-17,1576540800,1.873,1.894,1.854,1.882
2019-12-18,1576627200,1.875,1.933,1.864,1.919
2019-12-19,1576713600,1.922,1.95,1.898,1.922
2019-12-20,1576800000,1.922,1.945,1.915,1.919
2019-12-23,1577059200,1.922,1.938,1.898,1.931
2019-12-24,1577145600,1.928,1.947,1.901,1.903
2019-12-26,1577318400,1.905,1.919,1.894,1.896
2019-12-27,1577404800,1.894,1.901,1.87,1.879
2019-12-30,1577664000,1.875,1.937,1.873,1.881
2019-12-31,1577750400,1.886,1.928,1.881,1.919
2020-01-02,1577923200,1.921,1.944,1.853,1.879
2020-01-03,1578009600,1.877,1.877,1.788,1.79
2020-01-06,1578268800,1.769,1.812,1.764,1.811
2020-01-07,1578355200,1.809,1.828,1.795,1.821
2020-01-08,1578441600,1.811,1.875,1.717,1.875
2020-01-09,1578528000,1.874,1.9,1.849,1.858
2020-01-10,1578614400,1.855,1.869,1.816,1.823
2020-01-13,1578873600,1.82,1.853,1.82,1.848
2020-01-14,1578960000,1.848,1.862,1.811,1.813
2020-01-15,1579046400,1.811,1.818,1.78,1.785
2020-01-16,1579132800,1.786,1.82,1.778,1.809
2020-01-17,1579219200,1.809,1.848,1.809,1.823
2020-01-21,1579564800,1.823,1.823,1.767,1.776
2020-01-22,1579651200,1.774,1.792,1.762,1.771
2020-01-23,1579737600,1.769,1.769,1.715,1.734
2020-01-24,1579824000,1.731,1.759,1.672,1.686
2020-01-27,1580083200,1.627,1.653,1.599,1.61
2020-01-28,1580169600,1.613,1.661,1.574,1.658
2020-01-29,1580256000,1.661,1.663,1.581,1.586
2020-01-30,1580342400,1.581,1.591,1.536,1.587
2020-01-31,1580428800,1.591,1.598,1.505,1.505
2020-02-03,1580688000,1.52,1.573,1.515,1.529
2020-02-04,1580774400,1.526,1.613,1.519,1.601
2020-02-05,1580860800,1.603,1.656,1.577,1.653
2020-02-06,1580947200,1.649,1.682,1.633,1.644
2020-02-07,1581033600,1.644,1.649,1.577,1.585
2020-02-10,1581292800,1.563,1.599,1.546,1.571
2020-02-11,1581379200,1.563,1.604,1.549,1.604
2020-02-12,1581465600,1.602,1.639,1.599,1.635
2020-02-13,1581552000,1.637,1.637,1.569,1.619
2020-02-14,1581638400,1.619,1.619,1.576,1.588
2020-02-18,1581984000,1.578,1.578,1.541,1.563
2020-02-19,1582070400,1.559,1.585,1.547,1.568
2020-02-20,1582156800,1.568,1.581,1.51,1.517
2020-02-21,1582243200,1.519,1.524,1.449,1.473
2020-02-24,1582502400,1.473,1.473,1.355,1.372
2020-02-25,1582588800,1.371,1.412,1.31,1.355
2020-02-26,1582675200,1.355,1.382,1.307,1.334
2020-02-27,1582761600,1.342,1.342,1.254,1.264
2020-02-28,1582848000,1.274,1.28,1.126,1.163
2020-03-02,1583107200,1.106,1.167,1.043,1.167
2020-03-03,1583193600,1.152,1.17,0.935,1.002
2020-03-04,1583280000,0.999,1.059,0.934,1.055
2020-03-05,1583366400,1.055,1.055,0.906,0.915
2020-03-06,1583452800,0.917,0.923,0.674,0.767
2020-03-09,1583712000,0.507,0.598,0.342,0.547
2020-03-10,1583798400,0.559,0.808,0.559,0.808
2020-03-11,1583884800,0.8,0.876,0.643,0.874
2020-03-12,1583971200,0.877,0.893,0.655,0.823
2020-03-13,1584057600,0.812,1.015,0.743,0.97
2020-03-16,1584316800,0.67,0.851,0.64,0.725
2020-03-17,1584403200,0.74,1.1,0.731,1.087
2020-03-18,1584489600,1.069,1.261,0.989,1.2
2020-03-19,1584576000,1.183,1.279,1.007,1.149
2020-03-20,1584662400,1.159,1.159,0.852,0.852
2020-03-23,1584921600,0.815,0.876,0.715,0.766
2020-03-24,1585008000,0.793,0.895,0.763,0.853
2020-03-25,1585094400,0.858,0.875,0.784,0.872
2020-03-26,1585180800,0.869,0.869,0.778,0.851
2020-03-27,1585267200,0.848,0.853,0.678,0.682
2020-03-30,1585526400,0.667,0.731,0.606,0.731
2020-03-31,1585612800,0.726,0.726,0.652,0.674
2020-04-01,1585699200,0.668,0.674,0.583,0.586
2020-04-02,1585785600,0.602,0.633,0.568,0.603
2020-04-03,1585872000,0.602,0.615,0.571,0.599
2020-04-06,1586131200,0.612,0.681,0.612,0.673
2020-04-07,1586217600,0.678,0.782,0.678,0.722
2020-04-08,1586304000,0.714,0.777,0.695,0.774
2020-04-09,1586390400,0.771,0.785,0.714,0.729
2020-04-13,1586736000,0.724,0.774,0.719,0.774
2020-04-14,1586822400,0.77,0.774,0.73,0.75
2020-04-15,1586908800,0.755,0.755,0.627,0.633
2020-04-16,1586995200,0.635,0.657,0.595,0.619
2020-04-17,1587081600,0.63,0.688,0.592,0.643
2020-04-20,1587340800,0.643,0.651,0.609,0.609
2020-04-21,1587427200,0.616,0.623,0.542,0.571
2020-04-22,1587513600,0.566,0.633,0.548,0.622
2020-04-23,1587600000,0.618,0.636,0.594,0.606
2020-04-24,1587686400,0.605,0.62,0.582,0.604
2020-04-27,1587945600,0.604,0.664,0.604,0.662
2020-04-28,1588032000,0.664,0.672,0.604,0.615
2020-04-29,1588118400,0.616,0.635,0.583,0.63
2020-04-30,1588204800,0.628,0.646,0.583,0.641
2020-05-01,1588291200,0.646,0.646,0.596,0.617
2020-05-04,1588550400,0.618,0.648,0.597,0.637
2020-05-05,1588636800,0.63,0.678,0.63,0.663
2020-05-06,1588723200,0.662,0.74,0.658,0.705
2020-05-07,1588809600,0.709,0.716,0.625,0.644
2020-05-08,1588896000,0.639,0.686,0.609,0.685
2020-05-11,1589155200,0.691,0.726,0.673,0.712
2020-05-12,1589241600,0.707,0.723,0.664,0.667
2020-05-13,1589328000,0.667,0.672,0.635,0.654
2020-05-14,1589414400,0.654,0.654,0.604,0.623
2020-05-15,1589500800,0.617,0.648,0.596,0.644
2020-05-18,1589760000,0.643,0.739,0.638,0.727
2020-05-19,1589846400,0.726,0.742,0.69,0.69
2020-05-20,1589932800,0.692,0.718,0.67,0.682
2020-05-21,1590019200,0.69,0.69,0.654,0.674
2020-05-22,1590105600,0.68,0.68,0.628,0.657
2020-05-26,1590451200,0.657,0.706,0.657,0.698
2020-05-27,1590537600,0.695,0.728,0.664,0.685
2020-05-28,1590624000,0.695,0.711,0.67,0.693
2020-05-29,1590710400,0.697,0.697,0.646,0.654
2020-06-01,1590969600,0.636,0.685,0.636,0.661
2020-06-02,1591056000,0.667,0.687,0.648,0.687
2020-06-03,1591142400,0.687,0.767,0.687,0.746
2020-06-04,1591228800,0.748,0.827,0.738,0.827
2020-06-05,1591315200,0.825,0.937,0.799,0.893
2020-06-08,1591574400,0.902,0.929,0.867,0.877
2020-06-09,1591660800,0.878,0.878,0.802,0.827
2020-06-10,1591747200,0.824,0.832,0.728,0.728
2020-06-11,1591833600,0.736,0.736,0.653,0.672
2020-06-12,1591920000,0.666,0.72,0.666,0.707
2020-06-15,1592179200,0.662,0.723,0.656,0.723
2020-06-16,1592265600,0.72,0.781,0.72,0.754
2020-06-17,1592352000,0.741,0.763,0.725,0.74
2020-06-18,1592438400,0.733,0.735,0.694,0.71
2020-06-19,1592524800,0.707,0.74,0.692,0.697
2020-06-22,1592784000,0.69,0.71,0.676,0.71
2020-06-23,1592870400,0.71,0.732,0.681,0.715
2020-06-24,1592956800,0.715,0.73,0.677,0.681
2020-06-25,1593043200,0.679,0.687,0.658,0.687
2020-06-26,1593129600,0.682,0.684,0.633,0.643
2020-06-29,1593388800,0.635,0.654,0.625,0.625
2020-06-30,1593475200,0.627,0.664,0.622,0.658
2020-07-01,1593561600,0.658,0.699,0.658,0.677
2020-07-02,1593648000,0.676,0.72,0.666,0.669
2020-07-06,1593993600,0.673,0.704,0.673,0.679
2020-07-07,1594080000,0.677,0.689,0.635,0.641
2020-07-08,1594166400,0.641,0.669,0.64,0.666
2020-07-09,1594252800,0.666,0.666,0.6,0.615
2020-07-10,1594339200,0.614,0.643,0.573,0.643
2020-07-13,1594598400,0.631,0.663,0.618,0.62
2020-07-14,1594684800,0.618,0.632,0.6,0.625
2020-07-15,1594771200,0.623,0.658,0.617,0.632
2020-07-16,1594857600,0.633,0.633,0.602,0.618
2020-07-17,1594944000,0.618,0.632,0.6,0.628
2020-07-20,1595203200,0.628,0.63,0.604,0.614
2020-07-21,1595289600,0.614,0.625,0.595,0.604
2020-07-22,1595376000,0.605,0.605,0.582,0.6
2020-07-23,1595462400,0.6,0.6,0.576,0.577
2020-07-24,1595548800,0.577,0.592,0.571,0.591
2020-07-27,1595808000,0.592,0.617,0.571,0.617
2020-07-28,1595894400,0.615,0.635,0.576,0.579
2020-07-29,1595980800,0.579,0.594,0.564,0.576
2020-07-30,1596067200,0.577,0.577,0.538,0.545
2020-07-31,1596153600,0.545,0.561,0.522,0.533
2020-08-03,1596412800,0.531,0.569,0.531,0.553
2020-08-04,1596499200,0.554,0.561,0.505,0.51
2020-08-05,1596585600,0.512,0.553,0.508,0.549
2020-08-06,1596672000,0.549,0.553,0.508,0.538
2020-08-07,1596758400,0.533,0.567,0.517,0.566
2020-08-10,1597017600,0.566,0.581,0.548,0.579
2020-08-11,1597104000,0.581,0.658,0.572,0.638
2020-08-12,1597190400,0.625,0.688,0.625,0.676
2020-08-13,1597276800,0.673,0.722,0.651,0.722
2020-08-14,1597363200,0.718,0.722,0.691,0.709
2020-08-17,1597622400,0.711,0.713,0.669,0.692
2020-08-18,1597708800,0.692,0.692,0.659,0.67
2020-08-19,1597795200,0.665,0.685,0.649,0.682
2020-08-20,1597881600,0.685,0.685,0.641,0.652
2020-08-21,1597968000,0.652,0.659,0.628,0.631
2020-08-24,1598227200,0.631,0.656,0.623,0.654
2020-08-25,1598313600,0.654,0.715,0.654,0.685
2020-08-26,1598400000,0.688,0.719,0.687,0.69
2020-08-27,1598486400,0.688,0.755,0.649,0.754
2020-08-28,1598572800,0.754,0.785,0.715,0.724
2020-08-31,1598832000,0.724,0.746,0.693,0.706
2020-09-01,1598918400,0.706,0.729,0.672,0.672
2020-09-02,1599004800,0.675,0.692,0.644,0.649
2020-09-03,1599091200,0.648,0.664,0.615,0.636
2020-09-04,1599177600,0.636,0.723,0.635,0.72
2020-09-08,1599523200,0.72,0.72,0.669,0.682
2020-09-09,1599609600,0.682,0.708,0.662,0.698
2020-09-10,1599696000,0.7,0.718,0.682,0.682
2020-09-11,1599782400,0.682,0.695,0.666,0.667
2020-09-14,1600041600,0.671,0.676,0.659,0.674
2020-09-15,1600128000,0.676,0.687,0.667,0.68
2020-09-16,1600214400,0.68,0.697,0.659,0.697
2020-09-17,1600300800,0.699,0.699,0.648,0.687
2020-09-18,1600387200,0.687,0.697,0.669,0.697
2020-09-21,1600646400,0.687,0.69,0.649,0.669
2020-09-22,1600732800,0.669,0.681,0.661,0.672
2020-09-23,1600819200,0.671,0.691,0.659,0.674
2020-09-24,1600905600,0.677,0.677,0.663,0.669
2020-09-25,1600992000,0.667,0.677,0.656,0.656
2020-09-28,1601251200,0.656,0.674,0.654,0.654
2020-09-29,1601337600,0.658,0.661,0.643,0.651
2020-10-01,1601510400,0.686,0.715,0.671,0.679
2020-10-02,1601596800,0.679,0.704,0.656,0.704
2020-10-05,1601856000,0.709,0.783,0.701,0.783
2020-10-06,1601942400,0.778,0.787,0.734,0.737
2020-10-07,1602028800,0.734,0.797,0.734,0.788
2020-10-08,1602115200,0.783,0.787,0.765,0.787
2020-10-09,1602201600,0.775,0.79,0.762,0.777
2020-10-13,1602547200,0.764,0.767,0.726,0.729
2020-10-14,1602633600,0.729,0.736,0.711,0.727
2020-10-15,1602720000,0.724,0.737,0.694,0.734
2020-10-16,1602806400,0.739,0.751,0.722,0.747
2020-10-19,1603065600,0.762,0.781,0.756,0.771
2020-10-20,1603152000,0.772,0.797,0.766,0.787
2020-10-21,1603238400,0.786,0.834,0.786,0.824
2020-10-22,1603324800,0.821,0.866,0.807,0.861
2020-10-23,1603411200,0.865,0.872,0.835,0.845
2020-10-26,1603670400,0.826,0.826,0.794,0.804
2020-10-27,1603756800,0.803,0.808,0.768,0.769
2020-10-28,1603843200,0.771,0.781,0.748,0.773
2020-10-29,1603929600,0.774,0.838,0.769,0.828
2020-10-30,1604016000,0.823,0.875,0.806,0.875
2020-11-02,1604275200,0.855,0.87,0.833,0.847
2020-11-03,1604361600,0.852,0.901,0.852,0.901
2020-11-04,1604448000,0.896,0.942,0.763,0.766
2020-11-05,1604534400,0.771,0.788,0.72,0.765
2020-11-06,1604620800,0.766,0.766,0.763,0.765
2020-11-09,1604880000,0.834,0.963,0.8,0.927
2020-11-10,1604966400,0.923,0.966,0.908,0.963
2020-11-11,1605052800,0.96,0.96,0.96,0.96
2020-11-12,1605139200,0.977,0.977,0.88,0.883
2020-11-13,1605225600,0.883,0.9,0.865,0.9
2020-11-16,1605484800,0.901,0.927,0.875,0.908
2020-11-17,1605571200,0.911,0.914,0.859,0.859
2020-11-18,1605657600,0.862,0.89,0.839,0.869
2020-11-19,1605744000,0.87,0.87,0.844,0.844
2020-11-20,1605830400,0.842,0.847,0.823,0.826
2020-11-23,1606089600,0.824,0.862,0.824,0.855
2020-11-24,1606176000,0.859,0.886,0.854,0.885
2020-11-25,1606262400,0.885,0.898,0.859,0.883
2020-11-27,1606435200,0.855,0.868,0.841,0.842
2020-11-30,1606694400,0.846,0.855,0.832,0.842
2020-12-01,1606780800,0.842,0.934,0.839,0.929
2020-12-02,1606867200,0.921,0.964,0.913,0.938
2020-12-03,1606953600,0.938,0.944,0.91,0.91
2020-12-04,1607040000,0.911,0.984,0.906,0.969
2020-12-07,1607299200,0.959,0.964,0.924,0.926
2020-12-08,1607385600,0.924,0.939,0.901,0.919
2020-12-09,1607472000,0.921,0.951,0.921,0.939
2020-12-10,1607558400,0.938,0.938,0.905,0.91
2020-12-11,1607644800,0.906,0.913,0.877,0.895
2020-12-14,1607904000,0.908,0.926,0.89,0.895
2020-12-15,1607990400,0.898,0.923,0.886,0.91
2020-12-16,1608076800,0.911,0.948,0.905,0.92
2020-12-17,1608163200,0.921,0.943,0.895,0.935
2020-12-18,1608249600,0.935,0.95,0.915,0.95
2020-12-21,1608508800,0.936,0.946,0.888,0.935
2020-12-22,1608595200,0.935,0.94,0.916,0.92
2020-12-23,1608681600,0.921,0.97,0.906,0.946
2020-12-24,1608768000,0.945,0.955,0.926,0.926
2020-12-28,1609113600,0.936,0.961,0.923,0.926
2020-12-29,1609200000,0.923,0.95,0.923,0.94
2020-12-30,1609286400,0.94,0.955,0.925,0.925
2020-12-31,1609372800,0.926,0.936,0.911,0.916
2021-01-04,1609718400,0.931,0.95,0.906,0.915
2021-01-05,1609804800,0.918,0.962,0.918,0.958
2021-01-06,1609891200,0.955,1.051,0.947,1.039
2021-01-07,1609977600,1.039,1.085,1.029,1.083
2021-01-08,1610064000,1.081,1.122,1.076,1.119
2021-01-11,1610323200,1.119,1.148,1.097,1.148
2021-01-12,1610409600,1.144,1.185,1.129,1.131
2021-01-13,1610496000,1.129,1.133,1.08,1.085
2021-01-14,1610582400,1.092,1.138,1.078,1.131
2021-01-15,1610668800,1.129,1.129,1.085,1.085
2021-01-19,1611014400,1.099,1.121,1.087,1.09
2021-01-20,1611100800,1.092,1.106,1.077,1.082
2021-01-21,1611187200,1.077,1.121,1.077,1.109
2021-01-22,1611273600,1.109,1.118,1.084,1.089
2021-01-25,1611532800,1.097,1.101,1.03,1.033
2021-01-26,1611619200,1.033,1.053,1.028,1.036
2021-01-27,1611705600,1.033,1.048,1.004,1.013
2021-01-28,1611792000,1.018,1.067,0.998,1.048
2021-01-29,1611878400,1.052,1.098,1.043,1.067
2021-02-01,1612137600,1.069,1.088,1.064,1.083
2021-02-02,1612224000,1.079,1.117,1.076,1.1
2021-02-03,1612310400,1.095,1.141,1.095,1.141
2021-02-04,1612396800,1.139,1.158,1.132,1.141
2021-02-05,1612483200,1.136,1.181,1.131,1.167
2021-02-08,1612742400,1.177,1.2,1.15,1.172
2021-02-09,1612828800,1.176,1.176,1.14,1.16
2021-02-10,1612915200,1.16,1.174,1.124,1.124
2021-02-11,1613001600,1.124,1.167,1.124,1.167
2021-02-12,1613088000,1.165,1.212,1.151,1.212
2021-02-16,1613433600,1.25,1.317,1.223,1.317
2021-02-17,1613520000,1.311,1.331,1.27,1.274
2021-02-18,1613606400,1.282,1.314,1.258,1.297
2021-02-19,1613692800,1.297,1.358,1.284,1.34
2021-02-22,1613952000,1.367,1.393,1.33,1.367
2021-02-23,1614038400,1.369,1.384,1.345,1.345
2021-02-24,1614124800,1.343,1.427,1.33,1.379
2021-02-25,1614211200,1.372,1.556,1.372,1.525
2021-02-26,1614297600,1.53,1.546,1.391,1.408
2021-03-01,1614556800,1.415,1.455,1.388,1.425
2021-03-02,1614643200,1.42,1.451,1.395,1.395
2021-03-03,1614729600,1.398,1.491,1.398,1.484
2021-03-04,1614816000,1.484,1.567,1.452,1.567
2021-03-05,1614902400,1.557,1.613,1.54,1.57
2021-03-08,1615161600,1.597,1.61,1.575,1.594
2021-03-09,1615248000,1.603,1.603,1.526,1.528
2021-03-10,1615334400,1.528,1.567,1.507,1.52
2021-03-11,1615420800,1.521,1.547,1.48,1.54
2021-03-12,1615507200,1.535,1.635,1.534,1.626
2021-03-15,1615766400,1.639,1.639,1.599,1.607
2021-03-16,1615852800,1.607,1.627,1.588,1.621
2021-03-17,1615939200,1.621,1.687,1.616,1.646
2021-03-18,1616025600,1.646,1.751,1.63,1.71
2021-03-19,1616112000,1.706,1.746,1.673,1.725
2021-03-22,1616371200,1.71,1.71,1.666,1.696
2021-03-23,1616457600,1.698,1.702,1.621,1.624
2021-03-24,1616544000,1.622,1.647,1.591,1.61
2021-03-25,1616630400,1.614,1.639,1.593,1.637
2021-03-26,1616716800,1.633,1.679,1.623,1.674
2021-03-29,1616976000,1.671,1.724,1.635,1.715
2021-03-30,1617062400,1.71,1.774,1.708,1.708
2021-03-31,1617148800,1.71,1.748,1.71,1.744
2021-04-01,1617235200,1.744,1.753,1.672,1.672
2021-04-02,1617321600,1.673,1.727,1.67,1.714
2021-04-05,1617580800,1.7,1.743,1.7,1.704
2021-04-06,1617667200,1.707,1.715,1.654,1.66
2021-04-07,1617753600,1.658,1.676,1.631,1.676
2021-04-08,1617840000,1.679,1.679,1.621,1.623
2021-04-09,1617926400,1.626,1.685,1.623,1.662
2021-04-12,1618185600,1.675,1.683,1.648,1.667
2021-04-13,1618272000,1.669,1.7,1.616,1.618
2021-04-14,1618358400,1.62,1.648,1.613,1.634
2021-04-15,1618444800,1.634,1.645,1.53,1.576
2021-04-16,1618531200,1.579,1.597,1.553,1.587
2021-04-19,1618790400,1.575,1.6153,1.5553,1.6082
2021-04-20,1618876800,1.61,1.6314,1.5589,1.5607
2021-04-21,1618963200,1.566,1.5837,1.5538,1.5573
2021-04-22,1619049600,1.559,1.5856,1.5327,1.5398
2021-04-23,1619136000,1.5416,1.5789,1.5331,1.5613
2021-04-26,1619395200,1.563,1.5949,1.5577,1.5684
2021-04-27,1619481600,1.5684,1.6288,1.5684,1.6234
2021-04-28,1619568000,1.6252,1.65,1.609,1.611
2021-04-29,1619654400,1.611,1.684,1.611,1.638
2021-04-30,1619740800,1.641,1.657,1.624,1.629
2021-05-03,1620000000,1.626,1.653,1.582,1.601
2021-05-04,1620086400,1.599,1.623,1.562,1.589
2021-05-05,1620172800,1.594,1.621,1.589,1.6
2021-05-11,1620691200,1.613,1.629,1.6,1.624
2021-05-12,1620777600,1.622,1.697,1.611,1.695
2021-05-13,1620864000,1.693,1.705,1.654,1.659
2021-05-14,1620950400,1.659,1.666,1.628,1.63
2021-05-17,1621209600,1.635,1.652,1.61,1.652
2021-05-18,1621296000,1.649,1.654,1.632,1.64
2021-05-19,1621382400,1.64,1.692,1.62,1.675
2021-05-20,1621468800,1.676,1.676,1.627,1.628
2021-05-21,1621555200,1.628,1.639,1.613,1.623
2021-05-24,1621814400,1.622,1.625,1.598,1.605
2021-05-25,1621900800,1.603,1.61,1.554,1.56
2021-05-26,1621987200,1.56,1.581,1.554,1.579
2021-05-27,1622073600,1.581,1.623,1.571,1.61
2021-05-28,1622160000,1.606,1.622,1.579,1.581
2021-06-01,1622505600,1.608,1.637,1.605,1.608
2021-06-02,1622592000,1.606,1.62,1.588,1.589
2021-06-03,1622678400,1.588,1.63,1.588,1.627
2021-06-04,1622764800,1.625,1.634,1.557,1.557
2021-06-07,1623024000,1.565,1.582,1.565,1.57
2021-06-08,1623110400,1.569,1.572,1.518,1.536
2021-06-09,1623196800,1.538,1.538,1.472,1.492
2021-06-10,1623283200,1.487,1.525,1.435,1.435
2021-06-11,1623369600,1.437,1.47,1.43,1.454
2021-06-14,1623628800,1.459,1.502,1.457,1.496
2021-06-15,1623715200,1.497,1.511,1.48,1.494
2021-06-16,1623801600,1.489,1.579,1.484,1.579
2021-06-17,1623888000,1.581,1.592,1.479,1.507
2021-06-18,1623974400,1.511,1.523,1.44,1.44
2021-06-21,1624233600,1.441,1.495,1.363,1.492
2021-06-22,1624320000,1.497,1.507,1.462,1.465
2021-06-23,1624406400,1.467,1.494,1.46,1.489
2021-06-24,1624492800,1.485,1.502,1.478,1.494
2021-06-25,1624579200,1.499,1.545,1.482,1.526
2021-06-28,1624838400,1.522,1.533,1.471,1.482
2021-06-29,1624924800,1.48,1.505,1.473,1.473
2021-06-30,1625011200,1.475,1.485,1.439,1.47
2021-07-01,1625097600,1.468,1.485,1.454,1.46
2021-07-02,1625184000,1.46,1.47,1.427,1.431
2021-07-06,1625529600,1.437,1.447,1.348,1.35
2021-07-07,1625616000,1.352,1.367,1.301,1.318
2021-07-08,1625702400,1.323,1.323,1.251,1.295
2021-07-09,1625788800,1.295,1.363,1.295,1.363
2021-07-12,1626048000,1.36,1.376,1.331,1.368
2021-07-13,1626134400,1.368,1.42,1.348,1.42
2021-07-14,1626220800,1.42,1.422,1.349,1.349
2021-07-15,1626307200,1.349,1.349,1.296,1.301
2021-07-16,1626393600,1.301,1.334,1.292,1.292
2021-07-19,1626652800,1.299,1.299,1.176,1.191
2021-07-20,1626739200,1.199,1.225,1.138,1.225
2021-07-21,1626825600,1.222,1.297,1.195,1.29
2021-07-22,1626912000,1.292,1.31,1.235,1.278
2021-07-23,1626998400,1.282,1.312,1.268,1.278
2021-07-26,1627257600,1.28,1.295,1.224,1.293
2021-07-27,1627344000,1.295,1.295,1.231,1.244
2021-07-28,1627430400,1.239,1.271,1.228,1.234
2021-07-29,1627516800,1.238,1.278,1.233,1.271
2021-07-30,1627603200,1.266,1.266,1.224,1.224
2021-08-02,1627862400,1.236,1.242,1.156,1.179
2021-08-03,1627948800,1.179,1.199,1.157,1.174
2021-08-04,1628035200,1.174,1.21,1.174,1.185
2021-08-05,1628121600,1.18,1.225,1.17,1.225
2021-08-06,1628208000,1.225,1.305,1.225,1.3
2021-08-09,1628467200,1.305,1.329,1.272,1.325
2021-08-10,1628553600,1.325,1.357,1.309,1.352
2021-08-11,1628640000,1.354,1.376,1.308,1.334
2021-08-12,1628726400,1.335,1.376,1.335,1.361
2021-08-13,1628812800,1.361,1.364,1.28,1.28
2021-08-16,1629072000,1.285,1.285,1.227,1.268
2021-08-17,1629158400,1.268,1.268,1.222,1.265
2021-08-18,1629244800,1.267,1.298,1.257,1.262
2021-08-19,1629331200,1.26,1.267,1.223,1.245
2021-08-20,1629417600,1.243,1.265,1.228,1.257
2021-08-23,1629676800,1.258,1.282,1.252,1.255
2021-08-24,1629763200,1.253,1.299,1.253,1.297
2021-08-25,1629849600,1.297,1.351,1.285,1.342
2021-08-26,1629936000,1.349,1.371,1.334,1.351
2021-08-27,1630022400,1.354,1.356,1.304,1.31
2021-08-30,1630281600,1.31,1.314,1.278,1.282
2021-08-31,1630368000,1.28,1.312,1.27,1.309
2021-09-01,1630454400,1.31,1.334,1.285,1.297
2021-09-02,1630540800,1.299,1.305,1.285,1.285
2021-09-03,1630627200,1.285,1.334,1.285,1.326
2021-09-07,1630972800,1.334,1.38,1.334,1.375
2021-09-08,1631059200,1.377,1.377,1.331,1.339
2021-09-09,1631145600,1.336,1.344,1.287,1.3
2021-09-10,1631232000,1.297,1.35,1.297,1.344
2021-09-13,1631491200,1.343,1.348,1.317,1.329
2021-09-14,1631577600,1.326,1.348,1.267,1.285
2021-09-15,1631664000,1.284,1.317,1.265,1.302
2021-09-16,1631750400,1.304,1.351,1.296,1.341
2021-09-17,1631836800,1.336,1.384,1.328,1.365
2021-09-20,1632096000,1.363,1.37,1.297,1.312
2021-09-21,1632182400,1.312,1.343,1.306,1.324
2021-09-22,1632268800,1.328,1.343,1.302,1.304
2021-09-23,1632355200,1.302,1.435,1.302,1.434
2021-09-24,1632441600,1.435,1.466,1.406,1.454
2021-09-27,1632700800,1.463,1.51,1.444,1.489
2021-09-28,1632787200,1.491,1.56,1.477,1.539
2021-09-29,1632873600,1.546,1.558,1.496,1.522
2021-09-30,1632960000,1.518,1.557,1.489,1.489
2021-10-01,1633046400,1.492,1.507,1.463,1.465
2021-10-04,1633305600,1.462,1.507,1.455,1.481
2021-10-05,1633392000,1.484,1.536,1.475,1.529
2021-10-06,1633478400,1.528,1.571,1.51,1.522
2021-10-07,1633564800,1.528,1.576,1.515,1.575
2021-10-08,1633651200,1.576,1.615,1.558,1.615
2021-10-12,1633996800,1.622,1.628,1.566,1.58
2021-10-13,1634083200,1.572,1.593,1.53,1.538
2021-10-14,1634169600,1.542,1.563,1.507,1.514
2021-10-15,1634256000,1.514,1.577,1.514,1.572
2021-10-18,1634515200,1.591,1.625,1.577,1.604
2021-10-19,1634601600,1.591,1.645,1.567,1.641
2021-10-20,1634688000,1.641,1.672,1.623,1.658
2021-10-21,1634774400,1.66,1.705,1.641,1.705
2021-10-22,1634860800,1.696,1.697,1.635,1.636
2021-10-25,1635120000,1.647,1.67,1.624,1.633
2021-10-26,1635206400,1.633,1.651,1.61,1.61
2021-10-27,1635292800,1.61,1.633,1.52,1.545
2021-10-28,1635379200,1.55,1.582,1.536,1.582
2021-10-29,1635465600,1.578,1.615,1.538,1.556
2021-11-01,1635724800,1.575,1.601,1.556,1.559
2021-11-02,1635811200,1.561,1.573,1.533,1.552
2021-11-03,1635897600,1.547,1.607,1.521,1.607
2021-11-04,1635984000,1.603,1.609,1.516,1.53
2021-11-05,1636070400,1.53,1.551,1.436,1.455
2021-11-08,1636329600,1.46,1.5,1.46,1.492
2021-11-09,1636416000,1.493,1.493,1.417,1.439
2021-11-10,1636502400,1.439,1.577,1.439,1.553
2021-11-11,1636588800,1.57,1.57,1.57,1.57
2021-11-12,1636675200,1.585,1.585,1.544,1.565
2021-11-15,1636934400,1.57,1.63,1.543,1.616
2021-11-16,1637020800,1.618,1.644,1.597,1.637
2021-11-17,1637107200,1.64,1.649,1.587,1.591
2021-11-18,1637193600,1.585,1.611,1.577,1.587
2021-11-19,1637280000,1.587,1.606,1.519,1.551
2021-11-22,1637539200,1.56,1.634,1.548,1.627
2021-11-23,1637625600,1.632,1.682,1.617,1.669
2021-11-24,1637712000,1.676,1.688,1.627,1.638
2021-11-25,1637798400,1.643,1.643,1.643,1.643
2021-11-26,1637884800,1.601,1.603,1.475,1.482
2021-11-29,1638144000,1.541,1.564,1.499,1.502
2021-11-30,1638230400,1.502,1.523,1.421,1.448
2021-12-01,1638316800,1.456,1.502,1.404,1.405
2021-12-02,1638403200,1.404,1.463,1.404,1.446
2021-12-03,1638489600,1.444,1.465,1.34,1.346
2021-12-06,1638748800,1.378,1.443,1.372,1.438
2021-12-07,1638835200,1.433,1.485,1.429,1.477
2021-12-08,1638921600,1.482,1.533,1.429,1.525
2021-12-09,1639008000,1.528,1.533,1.475,1.502
2021-12-10,1639094400,1.497,1.52,1.455,1.487
2021-12-13,1639353600,1.482,1.506,1.414,1.419
2021-12-14,1639440000,1.414,1.468,1.414,1.444
2021-12-15,1639526400,1.441,1.48,1.426,1.462
2021-12-16,1639612800,1.458,1.477,1.412,1.412
2021-12-17,1639699200,1.424,1.433,1.388,1.406
2021-12-20,1639958400,1.38,1.428,1.355,1.426
2021-12-21,1640044800,1.428,1.498,1.414,1.465
2021-12-22,1640131200,1.467,1.484,1.448,1.455
2021-12-23,1640217600,1.453,1.499,1.453,1.493
2021-12-27,1640563200,1.489,1.498,1.477,1.479
2021-12-28,1640649600,1.477,1.489,1.457,1.484
2021-12-29,1640736000,1.484,1.558,1.47,1.553
2021-12-30,1640822400,1.556,1.556,1.503,1.512
2021-12-31,1640908800,1.507,1.524,1.495,1.512
2022-01-03,1641168000,1.512,1.64,1.512,1.632
2022-01-04,1641254400,1.637,1.682,1.614,1.651
2022-01-05,1641340800,1.649,1.709,1.64,1.709
2022-01-06,1641427200,1.7,1.751,1.688,1.723
2022-01-07,1641513600,1.728,1.794,1.711,1.764
2022-01-10,1641772800,1.765,1.808,1.752,1.762
2022-01-11,1641859200,1.755,1.78,1.737,1.737
2022-01-12,1641945600,1.746,1.752,1.711,1.75
2022-01-13,1642032000,1.745,1.759,1.695,1.706
2022-01-14,1642118400,1.701,1.793,1.701,1.788
2022-01-18,1642464000,1.813,1.879,1.807,1.877
2022-01-19,1642550400,1.875,1.897,1.825,1.866
2022-01-20,1642636800,1.854,1.865,1.806,1.806
2022-01-21,1642723200,1.811,1.811,1.74,1.762
2022-01-24,1642982400,1.767,1.783,1.71,1.774
2022-01-25,1643068800,1.772,1.792,1.735,1.773
2022-01-26,1643155200,1.776,1.876,1.769,1.867
2022-01-27,1643241600,1.873,1.873,1.783,1.803
2022-01-28,1643328000,1.803,1.848,1.773,1.773
2022-01-31,1643587200,1.787,1.816,1.771,1.778
2022-02-01,1643673600,1.784,1.816,1.739,1.791
2022-02-02,1643760000,1.795,1.811,1.745,1.779
2022-02-03,1643846400,1.771,1.84,1.757,1.832
2022-02-04,1643932800,1.836,1.932,1.813,1.912
2022-02-07,1644192000,1.918,1.939,1.898,1.918
2022-02-08,1644278400,1.919,1.97,1.919,1.965
2022-02-09,1644364800,1.965,1.965,1.913,1.943
2022-02-10,1644451200,1.945,2.052,1.923,2.033
2022-02-11,1644537600,2.043,2.059,1.913,1.942
2022-02-14,1644796800,1.944,2.022,1.906,1.991
2022-02-15,1644883200,1.986,2.056,1.97,2.047
2022-02-16,1644969600,2.043,2.059,2.01,2.042
2022-02-17,1645056000,2.04,2.04,1.954,1.965
2022-02-18,1645142400,1.968,1.993,1.918,1.932
2022-02-22,1645488000,1.868,1.958,1.849,1.941
2022-02-23,1645574400,1.944,1.998,1.941,1.993
2022-02-24,1645660800,1.998,1.998,1.851,1.967
2022-02-25,1645747200,1.97,2.009,1.934,1.965
2022-02-28,1646006400,1.903,1.922,1.818,1.827
2022-03-01,1646092800,1.822,1.865,1.688,1.731
2022-03-02,1646179200,1.716,1.906,1.702,1.88
2022-03-03,1646265600,1.878,1.89,1.832,1.842
2022-03-04,1646352000,1.841,1.858,1.702,1.734
2022-03-07,1646611200,1.695,1.796,1.671,1.777
2022-03-08,1646697600,1.777,1.875,1.76,1.849
2022-03-09,1646784000,1.84,1.957,1.84,1.957
2022-03-10,1646870400,1.951,2.018,1.913,1.992
2022-03-11,1646956800,1.99,2.018,1.964,1.997
2022-03-14,1647216000,2.034,2.145,2.03,2.136
2022-03-15,1647302400,2.142,2.163,2.082,2.147
2022-03-16,1647388800,2.149,2.239,2.135,2.188
2022-03-17,1647475200,2.192,2.21,2.11,2.174
2022-03-18,1647561600,2.167,2.185,2.135,2.153
2022-03-21,1647820800,2.153,2.319,2.149,2.295
2022-03-22,1647907200,2.297,2.388,2.293,2.386
2022-03-23,1647993600,2.381,2.417,2.292,2.295
2022-03-24,1648080000,2.29,2.392,2.29,2.374
2022-03-25,1648166400,2.37,2.495,2.343,2.479
2022-03-28,1648425600,2.477,2.555,2.422,2.462
2022-03-29,1648512000,2.466,2.535,2.389,2.398
2022-03-30,1648598400,2.398,2.426,2.336,2.352
2022-03-31,1648684800,2.358,2.364,2.309,2.342
2022-04-01,1648771200,2.345,2.447,2.345,2.386
2022-04-04,1649030400,2.406,2.432,2.375,2.399
2022-04-05,1649116800,2.393,2.564,2.388,2.549
2022-04-06,1649203200,2.554,2.658,2.554,2.601
2022-04-07,1649289600,2.598,2.667,2.558,2.662
2022-04-08,1649376000,2.665,2.727,2.626,2.704
2022-04-11,1649635200,2.719,2.79,2.711,2.78
2022-04-12,1649721600,2.784,2.832,2.681,2.725
2022-04-13,1649808000,2.727,2.786,2.655,2.703
2022-04-14,1649894400,2.703,2.831,2.656,2.828
2022-04-18,1650240000,2.843,2.884,2.818,2.857
2022-04-19,1650326400,2.857,2.944,2.838,2.94
2022-04-20,1650412800,2.94,2.975,2.828,2.836
2022-04-21,1650499200,2.834,2.946,2.834,2.913
2022-04-22,1650585600,2.908,2.968,2.866,2.902
2022-04-25,1650844800,2.891,2.893,2.764,2.824
2022-04-26,1650931200,2.818,2.862,2.724,2.724
2022-04-27,1651017600,2.728,2.838,2.719,2.836
2022-04-28,1651104000,2.826,2.882,2.799,2.826
2022-04-29,1651190400,2.832,2.939,2.82,2.939
2022-05-02,1651449600,2.928,3.002,2.911,2.987
2022-05-03,1651536000,2.977,3.004,2.917,2.977
2022-05-04,1651622400,2.979,3.007,2.913,2.94
2022-05-05,1651708800,2.946,3.102,2.933,3.04
2022-05-06,1651795200,3.035,3.144,3.035,3.134
2022-05-09,1652054400,3.138,3.203,3.032,3.038
2022-05-10,1652140800,3.034,3.066,2.946,2.997
2022-05-11,1652227200,2.989,3.076,2.915,2.927
2022-05-12,1652313600,2.925,2.925,2.817,2.852
2022-05-13,1652400000,2.855,2.938,2.855,2.922
2022-05-16,1652659200,2.944,2.951,2.857,2.886
2022-05-17,1652745600,2.888,2.995,2.879,2.995
2022-05-18,1652832000,2.988,3.004,2.877,2.888
2022-05-19,1652918400,2.884,2.917,2.776,2.841
2022-05-20,1653004800,2.837,2.873,2.777,2.785
2022-05-23,1653264000,2.806,2.869,2.801,2.853
2022-05-24,1653350400,2.861,2.861,2.722,2.754
2022-05-25,1653436800,2.754,2.774,2.724,2.749
2022-05-26,1653523200,2.751,2.794,2.711,2.738
2022-05-27,1653609600,2.752,2.765,2.715,2.743
2022-05-31,1653955200,2.815,2.871,2.804,2.848
2022-06-01,1654041600,2.849,2.948,2.842,2.909
2022-06-02,1654128000,2.911,2.941,2.893,2.911
2022-06-03,1654214400,2.913,2.981,2.908,2.939
2022-06-06,1654473600,2.944,3.047,2.937,3.044
2022-06-07,1654560000,3.04,3.058,2.959,2.977
2022-06-08,1654646400,2.979,3.038,2.979,3.025
2022-06-09,1654732800,3.027,3.068,3.009,3.046
2022-06-10,1654819200,3.046,3.174,3.022,3.159
2022-06-13,1655078400,3.18,3.431,3.159,3.366
2022-06-14,1655164800,3.362,3.495,3.276,3.473
2022-06-15,1655251200,3.479,3.479,3.288,3.29
2022-06-16,1655337600,3.292,3.495,3.182,3.201
2022-06-17,1655424000,3.195,3.303,3.195,3.231
2022-06-21,1655769600,3.277,3.311,3.262,3.279
2022-06-22,1655856000,3.279,3.284,3.137,3.162
2022-06-23,1655942400,3.16,3.171,3.011,3.093
2022-06-24,1656028800,3.089,3.139,3.044,3.136
2022-06-27,1656288000,3.134,3.213,3.123,3.204
2022-06-28,1656374400,3.202,3.257,3.171,3.175
2022-06-29,1656460800,3.177,3.185,3.089,3.093
2022-06-30,1656547200,3.087,3.108,2.974,3.017
2022-07-01,1656633600,3.017,3.022,2.793,2.889
2022-07-05,1656979200,2.93,2.974,2.784,2.809
2022-07-06,1657065600,2.818,2.934,2.756,2.934
2022-07-07,1657152000,2.934,3.015,2.899,2.998
2022-07-08,1657238400,3.0,3.099,2.97,3.082
2022-07-11,1657497600,3.101,3.101,2.969,2.998
2022-07-12,1657584000,2.993,2.993,2.9,2.971
2022-07-13,1657670400,2.971,3.056,2.904,2.937
2022-07-14,1657756800,2.935,3.017,2.917,2.963
2022-07-15,1657843200,2.958,2.967,2.901,2.921
2022-07-18,1658102400,2.928,3.013,2.915,2.989
2022-07-19,1658188800,2.989,3.03,2.965,3.026
2022-07-20,1658275200,3.023,3.04,2.948,3.028
2022-07-21,1658361600,3.03,3.073,2.877,2.878
2022-07-22,1658448000,2.882,2.902,2.734,2.752
2022-07-25,1658707200,2.787,2.84,2.774,2.8
2022-07-26,1658793600,2.807,2.81,2.714,2.81
2022-07-27,1658880000,2.803,2.818,2.732,2.789
2022-07-28,1658966400,2.785,2.823,2.654,2.671
2022-07-29,1659052800,2.676,2.723,2.62,2.658
2022-08-01,1659312000,2.665,2.692,2.579,2.579
2022-08-02,1659398400,2.588,2.772,2.521,2.75
2022-08-03,1659484800,2.748,2.834,2.705,2.706
2022-08-04,1659571200,2.706,2.745,2.659,2.69
2022-08-05,1659657600,2.694,2.867,2.676,2.83
2022-08-08,1659916800,2.834,2.849,2.746,2.759
2022-08-09,1660003200,2.75,2.814,2.748,2.781
2022-08-10,1660089600,2.779,2.812,2.688,2.786
2022-08-11,1660176000,2.785,2.902,2.737,2.889
2022-08-12,1660262400,2.889,2.9,2.839,2.842
2022-08-15,1660521600,2.84,2.864,2.761,2.79
2022-08-16,1660608000,2.793,2.869,2.775,2.806
2022-08-17,1660694400,2.808,2.917,2.808,2.9
2022-08-18,1660780800,2.902,2.911,2.842,2.884
2022-08-19,1660867200,2.886,2.996,2.875,2.976
2022-08-22,1661126400,2.985,3.039,2.946,3.018
2022-08-23,1661212800,3.024,3.076,2.987,3.05
2022-08-24,1661299200,3.057,3.121,3.028,3.108
2022-08-25,1661385600,3.109,3.123,3.024,3.028
2022-08-26,1661472000,3.031,3.084,3.015,3.043
2022-08-29,1661731200,3.071,3.129,3.071,3.108
2022-08-30,1661817600,3.114,3.144,3.052,3.106
2022-08-31,1661904000,3.112,3.196,3.093,3.196
2022-09-01,1661990400,3.196,3.295,3.185,3.255
2022-09-02,1662076800,3.259,3.286,3.191,3.193
2022-09-06,1662422400,3.227,3.351,3.212,3.351
2022-09-07,1662508800,3.351,3.361,3.252,3.267
2022-09-08,1662595200,3.267,3.325,3.216,3.321
2022-09-09,1662681600,3.323,3.328,3.251,3.319
2022-09-12,1662940800,3.315,3.375,3.268,3.362
2022-09-13,1663027200,3.358,3.449,3.302,3.41
2022-09-14,1663113600,3.412,3.474,3.389,3.406
2022-09-15,1663200000,3.404,3.464,3.398,3.453
2022-09-16,1663286400,3.449,3.484,3.42,3.453
2022-09-19,1663545600,3.455,3.514,3.448,3.492
2022-09-20,1663632000,3.494,3.6,3.473,3.569
2022-09-21,1663718400,3.565,3.609,3.508,3.532
2022-09-22,1663804800,3.534,3.716,3.516,3.716
2022-09-23,1663891200,3.71,3.811,3.667,3.691
2022-09-26,1664150400,3.718,3.928,3.718,3.928
2022-09-27,1664236800,3.928,3.986,3.805,3.947
2022-09-28,1664323200,3.949,4.011,3.707,3.733
2022-09-29,1664409600,3.737,3.862,3.723,3.79
2022-09-30,1664496000,3.782,3.833,3.686,3.833
2022-10-03,1664755200,3.813,3.816,3.587,3.641
2022-10-04,1664841600,3.643,3.647,3.566,3.635
2022-10-05,1664928000,3.635,3.789,3.619,3.751
2022-10-06,1665014400,3.759,3.842,3.733,3.826
2022-10-07,1665100800,3.828,3.906,3.818,3.885
2022-10-11,1665446400,3.951,4.006,3.876,3.949
2022-10-12,1665532800,3.945,3.97,3.898,3.898
2022-10-13,1665619200,3.902,4.063,3.856,3.945
2022-10-14,1665705600,3.95,4.025,3.857,4.023
2022-10-17,1665964800,4.004,4.023,3.918,4.015
2022-10-18,1666051200,4.012,4.06,3.965,4.011
2022-10-19,1666137600,4.007,4.138,4.007,4.138
2022-10-20,1666224000,4.138,4.241,4.111,4.23
2022-10-21,1666310400,4.233,4.333,4.204,4.221
2022-10-24,1666569600,4.204,4.276,4.137,4.245
2022-10-25,1666656000,4.247,4.247,4.052,4.104
2022-10-26,1666742400,4.1,4.106,4.005,4.005
2022-10-27,1666828800,4.007,4.08,3.902,3.921
2022-10-28,1666915200,3.927,4.043,3.915,4.014
2022-10-31,1667174400,4.016,4.067,4.016,4.052
2022-11-01,1667260800,4.05,4.071,3.926,4.054
2022-11-02,1667347200,4.048,4.105,3.995,4.105
2022-11-03,1667433600,4.096,4.216,4.096,4.149
2022-11-04,1667520000,4.149,4.205,4.116,4.163
2022-11-07,1667779200,4.154,4.224,4.125,4.218
2022-11-08,1667865600,4.218,4.237,4.123,4.128
2022-11-09,1667952000,4.128,4.172,4.08,4.101
2022-11-10,1668038400,4.096,4.115,3.811,3.816
2022-11-11,1668124800,3.811,3.811,3.811,3.811
2022-11-14,1668384000,3.899,3.902,3.857,3.857
2022-11-15,1668470400,3.863,3.88,3.766,3.773
2022-11-16,1668556800,3.777,3.837,3.677,3.692
2022-11-17,1668643200,3.69,3.796,3.69,3.771
2022-11-18,1668729600,3.769,3.833,3.747,3.833
2022-11-21,1668988800,3.819,3.842,3.769,3.831
2022-11-22,1669075200,3.84,3.84,3.754,3.758
2022-11-23,1669161600,3.758,3.795,3.695,3.696
2022-11-24,1669248000,3.689,3.689,3.689,3.689
2022-11-25,1669334400,3.661,3.746,3.654,3.691
2022-11-28,1669593600,3.696,3.718,3.639,3.685
2022-11-29,1669680000,3.679,3.757,3.651,3.748
2022-11-30,1669766400,3.75,3.794,3.604,3.609
2022-12-01,1669852800,3.611,3.64,3.505,3.505
2022-12-02,1669939200,3.508,3.614,3.479,3.49
2022-12-05,1670198400,3.524,3.609,3.51,3.579
2022-12-06,1670284800,3.583,3.603,3.513,3.533
2022-12-07,1670371200,3.531,3.553,3.408,3.419
2022-12-08,1670457600,3.421,3.506,3.421,3.486
2022-12-09,1670544000,3.489,3.593,3.452,3.584
2022-12-12,1670803200,3.584,3.622,3.521,3.613
2022-12-13,1670889600,3.617,3.617,3.434,3.505
2022-12-14,1670976000,3.501,3.543,3.463,3.479
2022-12-15,1671062400,3.481,3.51,3.43,3.45
2022-12-16,1671148800,3.45,3.548,3.45,3.49
2022-12-19,1671408000,3.502,3.601,3.502,3.59
2022-12-20,1671494400,3.59,3.705,3.583,3.688
2022-12-21,1671580800,3.692,3.72,3.627,3.664
2022-12-22,1671667200,3.673,3.686,3.63,3.682
2022-12-23,1671753600,3.686,3.753,3.68,3.751
2022-12-27,1672099200,3.738,3.858,3.73,3.845
2022-12-28,1672185600,3.849,3.888,3.807,3.886
2022-12-29,1672272000,3.886,3.886,3.818,3.818
2022-12-30,1672358400,3.82,3.899,3.82,3.879
2023-01-03,1672704000,3.879,3.879,3.728,3.748
2023-01-04,1672790400,3.743,3.761,3.67,3.687
2023-01-05,1672876800,3.69,3.773,3.686,3.72
2023-01-06,1672963200,3.722,3.748,3.553,3.562
2023-01-09,1673222400,3.56,3.608,3.514,3.536
2023-01-10,1673308800,3.527,3.634,3.521,3.622
2023-01-11,1673395200,3.615,3.615,3.53,3.541
2023-01-12,1673481600,3.543,3.563,3.427,3.445
2023-01-13,1673568000,3.445,3.513,3.427,3.507
2023-01-17,1673913600,3.527,3.577,3.501,3.553
2023-01-18,1674000000,3.549,3.56,3.368,3.373
2023-01-19,1674086400,3.373,3.422,3.321,3.393
2023-01-20,1674172800,3.399,3.495,3.392,3.482
2023-01-23,1674432000,3.486,3.541,3.464,3.517
2023-01-24,1674518400,3.521,3.545,3.455,3.456
2023-01-25,1674604800,3.455,3.484,3.421,3.453
2023-01-26,1674691200,3.451,3.511,3.436,3.502
2023-01-27,1674777600,3.506,3.561,3.5,3.507
2023-01-30,1675036800,3.513,3.566,3.496,3.54
2023-01-31,1675123200,3.542,3.549,3.49,3.51
2023-02-01,1675209600,3.51,3.52,3.393,3.422
2023-02-02,1675296000,3.417,3.424,3.342,3.396
2023-02-03,1675382400,3.402,3.551,3.365,3.521
2023-02-06,1675641600,3.56,3.649,3.539,3.64
2023-02-07,1675728000,3.642,3.687,3.604,3.677
2023-02-08,1675814400,3.679,3.69,3.615,3.615
2023-02-09,1675900800,3.615,3.683,3.579,3.662
2023-02-10,1675987200,3.664,3.751,3.664,3.74
2023-02-13,1676246400,3.743,3.751,3.704,3.705
2023-02-14,1676332800,3.704,3.791,3.667,3.747
2023-02-15,1676419200,3.753,3.816,3.726,3.809
2023-02-16,1676505600,3.803,3.869,3.769,3.865
2023-02-17,1676592000,3.863,3.923,3.815,3.821
2023-02-21,1676937600,3.851,3.96,3.846,3.957
2023-02-22,1677024000,3.954,3.966,3.892,3.923
2023-02-23,1677110400,3.927,3.957,3.873,3.883
2023-02-24,1677196800,3.89,3.974,3.856,3.949
2023-02-27,1677456000,3.941,3.971,3.898,3.918
2023-02-28,1677542400,3.922,3.983,3.902,3.926
2023-03-01,1677628800,3.928,4.006,3.916,3.996
2023-03-02,1677715200,3.994,4.089,3.99,4.062
2023-03-03,1677801600,4.062,4.069,3.956,3.956
2023-03-06,1678060800,3.956,3.985,3.907,3.983
2023-03-07,1678147200,3.964,3.999,3.927,3.968
2023-03-08,1678233600,3.97,4.009,3.915,3.995
2023-03-09,1678320000,3.989,4.011,3.899,3.907
2023-03-10,1678406400,3.907,3.907,3.685,3.704
2023-03-13,1678665600,3.718,3.75,3.425,3.543
2023-03-14,1678752000,3.545,3.685,3.502,3.676
2023-03-15,1678838400,3.695,3.705,3.399,3.458
2023-03-16,1678924800,3.462,3.586,3.378,3.583
2023-03-17,1679011200,3.579,3.594,3.386,3.44
2023-03-20,1679270400,3.47,3.517,3.297,3.488
2023-03-21,1679356800,3.483,3.613,3.447,3.613
2023-03-22,1679443200,3.608,3.64,3.434,3.44
2023-03-23,1679529600,3.451,3.513,3.376,3.432
2023-03-24,1679616000,3.414,3.421,3.293,3.38
2023-03-27,1679875200,3.397,3.545,3.369,3.534
2023-03-28,1679961600,3.539,3.573,3.502,3.573
2023-03-29,1680048000,3.572,3.608,3.537,3.568
2023-03-30,1680134400,3.566,3.591,3.539,3.553
2023-03-31,1680220800,3.547,3.581,3.471,3.471
2023-04-03,1680480000,3.522,3.543,3.409,3.417
2023-04-04,1680566400,3.415,3.485,3.335,3.342
2023-04-05,1680652800,3.339,3.372,3.27,3.311
2023-04-06,1680739200,3.313,3.313,3.266,3.309
2023-04-07,1680825600,3.303,3.413,3.299,3.413
2023-04-10,1681084800,3.376,3.434,3.357,3.421
2023-04-11,1681171200,3.415,3.456,3.383,3.43
2023-04-12,1681257600,3.432,3.456,3.362,3.394
2023-04-13,1681344000,3.4,3.456,3.372,3.449
2023-04-14,1681430400,3.449,3.532,3.424,3.517
2023-04-17,1681689600,3.528,3.608,3.507,3.604
2023-04-18,1681776000,3.606,3.606,3.555,3.579
2023-04-19,1681862400,3.578,3.637,3.578,3.595
2023-04-20,1681948800,3.591,3.6,3.528,3.536
2023-04-21,1682035200,3.536,3.576,3.503,3.576
2023-04-24,1682294400,3.57,3.57,3.494,3.496
2023-04-25,1682380800,3.496,3.496,3.381,3.403
2023-04-26,1682467200,3.4,3.452,3.379,3.452
2023-04-27,1682553600,3.445,3.534,3.435,3.524
2023-04-28,1682640000,3.528,3.538,3.428,3.428
2023-05-01,1682899200,3.448,3.606,3.448,3.572
2023-05-02,1682985600,3.57,3.57,3.426,3.428
2023-05-03,1683072000,3.433,3.441,3.341,3.341
2023-05-04,1683158400,3.364,3.403,3.311,3.382
2023-05-05,1683244800,3.377,3.462,3.377,3.441
2023-05-08,1683504000,3.456,3.515,3.424,3.494
2023-05-09,1683590400,3.511,3.532,3.482,3.522
2023-05-10,1683676800,3.522,3.526,3.431,3.444
2023-05-11,1683763200,3.439,3.442,3.349,3.388
2023-05-12,1683849600,3.388,3.468,3.371,3.468
2023-05-15,1684108800,3.466,3.511,3.459,3.507
2023-05-16,1684195200,3.506,3.572,3.461,3.54
2023-05-17,1684281600,3.541,3.59,3.515,3.568
2023-05-18,1684368000,3.572,3.664,3.553,3.656
2023-05-19,1684454400,3.656,3.732,3.632,3.691
2023-05-22,1684713600,3.684,3.735,3.659,3.717
2023-05-23,1684800000,3.717,3.761,3.688,3.695
2023-05-24,1684886400,3.696,3.749,3.666,3.748
2023-05-25,1684972800,3.748,3.828,3.722,3.822
2023-05-26,1685059200,3.822,3.862,3.781,3.795
2023-05-29,1685318400,3.817,3.845,3.757,3.769
2023-05-30,1685404800,3.771,3.774,3.684,3.692
2023-05-31,1685491200,3.692,3.701,3.613,3.643
2023-06-01,1685577600,3.643,3.689,3.57,3.599
2023-06-02,1685664000,3.601,3.709,3.601,3.697
2023-06-05,1685923200,3.71,3.762,3.661,3.685
2023-06-06,1686009600,3.689,3.733,3.658,3.662
2023-06-07,1686096000,3.677,3.803,3.653,3.8
2023-06-08,1686182400,3.793,3.822,3.707,3.721
2023-06-09,1686268800,3.718,3.779,3.716,3.745
2023-06-12,1686528000,3.765,3.792,3.71,3.74
2023-06-13,1686614400,3.743,3.847,3.682,3.817
2023-06-14,1686700800,3.827,3.852,3.772,3.792
2023-06-15,1686787200,3.79,3.847,3.704,3.72
2023-06-16,1686873600,3.72,3.808,3.716,3.767
2023-06-19,1687132800,3.768,3.826,3.75,3.823
2023-06-20,1687219200,3.821,3.828,3.702,3.727
2023-06-21,1687305600,3.719,3.795,3.71,3.723
2023-06-22,1687392000,3.727,3.808,3.723,3.799
2023-06-23,1687478400,3.797,3.797,3.695,3.737
2023-06-26,1687737600,3.731,3.737,3.678,3.725
2023-06-27,1687824000,3.723,3.777,3.693,3.768
2023-06-28,1687910400,3.772,3.776,3.705,3.712
2023-06-29,1687996800,3.714,3.869,3.708,3.842
2023-06-30,1688083200,3.842,3.893,3.802,3.843
2023-07-03,1688342400,3.844,3.869,3.779,3.854
2023-07-04,1688428800,3.854,3.878,3.839,3.859
2023-07-05,1688515200,3.858,3.951,3.836,3.934
2023-07-06,1688601600,3.934,4.086,3.929,4.033
2023-07-07,1688688000,4.031,4.095,4.008,4.07
2023-07-10,1688947200,4.069,4.092,3.99,3.99
2023-07-11,1689033600,3.997,3.997,3.966,3.981
2023-07-12,1689120000,3.968,3.968,3.956,3.956
2023-07-13,1689206400,3.861,3.865,3.754,3.769
2023-07-14,1689292800,3.767,3.839,3.759,3.836
2023-07-17,1689552000,3.834,3.837,3.771,3.809
2023-07-18,1689638400,3.792,3.802,3.744,3.789
2023-07-19,1689724800,3.789,3.797,3.739,3.777
2023-07-20,1689811200,3.764,3.843,3.764,3.838
2023-07-21,1689897600,3.857,3.858,3.823,3.842
2023-07-24,1690156800,3.839,3.879,3.793,3.876
2023-07-25,1690243200,3.878,3.926,3.859,3.888
2023-07-26,1690329600,3.89,3.907,3.85,3.871
2023-07-27,1690416000,3.873,4.022,3.84,4.004
2023-07-28,1690502400,4.004,4.044,3.941,3.954
2023-07-31,1690761600,3.961,4.007,3.926,3.963
2023-08-01,1690848000,3.967,4.059,3.95,4.027
2023-08-02,1690934400,4.037,4.127,4.006,4.084
2023-08-03,1691020800,4.09,4.199,4.079,4.179
2023-08-04,1691107200,4.179,4.211,4.036,4.04
2023-08-07,1691366400,4.053,4.123,4.046,4.095
2023-08-08,1691452800,4.097,4.097,3.982,4.028
2023-08-09,1691539200,4.028,4.043,3.985,4.014
2023-08-10,1691625600,4.016,4.122,3.965,4.109
2023-08-11,1691712000,4.107,4.185,4.084,4.158
2023-08-14,1691971200,4.183,4.216,4.147,4.195
2023-08-15,1692057600,4.201,4.271,4.167,4.217
2023-08-16,1692144000,4.219,4.281,4.174,4.252
2023-08-17,1692230400,4.258,4.33,4.243,4.28
2023-08-18,1692316800,4.284,4.284,4.219,4.259
2023-08-21,1692576000,4.25,4.355,4.247,4.342
2023-08-22,1692662400,4.342,4.365,4.306,4.328
2023-08-23,1692748800,4.332,4.332,4.184,4.198
2023-08-24,1692835200,4.196,4.248,4.177,4.239
2023-08-25,1692921600,4.241,4.286,4.208,4.24
2023-08-28,1693180800,4.237,4.256,4.194,4.206
2023-08-29,1693267200,4.206,4.241,4.108,4.124
2023-08-30,1693353600,4.12,4.16,4.088,4.118
2023-08-31,1693440000,4.112,4.122,4.079,4.11
2023-09-01,1693526400,4.106,4.203,4.071,4.181
2023-09-04,1693785600,4.191,4.213,4.186,4.213
2023-09-05,1693872000,4.208,4.277,4.203,4.264
2023-09-06,1693958400,4.266,4.307,4.241,4.282
2023-09-07,1694044800,4.296,4.312,4.248,4.252
2023-09-08,1694131200,4.25,4.268,4.213,4.268
2023-09-11,1694390400,4.267,4.307,4.262,4.291
2023-09-12,1694476800,4.292,4.3,4.263,4.284
2023-09-13,1694563200,4.28,4.334,4.234,4.252
2023-09-14,1694649600,4.254,4.3,4.222,4.293
2023-09-15,1694736000,4.286,4.343,4.272,4.338
2023-09-18,1694995200,4.34,4.413,4.303,4.304
2023-09-19,1695081600,4.303,4.372,4.301,4.361
2023-09-20,1695168000,4.365,4.413,4.313,4.411
2023-09-21,1695254400,4.399,4.5,4.399,4.498
2023-09-22,1695340800,4.494,4.509,4.424,4.437
2023-09-25,1695600000,4.431,4.553,4.428,4.535
2023-09-26,1695686400,4.531,4.571,4.486,4.544
2023-09-27,1695772800,4.536,4.648,4.492,4.609
2023-09-28,1695859200,4.608,4.692,4.574,4.581
2023-09-29,1695945600,4.579,4.606,4.512,4.574
2023-10-02,1696204800,4.604,4.71,4.604,4.681
2023-10-03,1696291200,4.685,4.821,4.67,4.798
2023-10-04,1696377600,4.795,4.887,4.716,4.735
2023-10-05,1696464000,4.735,4.776,4.7,4.721
2023-10-06,1696550400,4.721,4.888,4.71,4.805
2023-10-09,1696809600,4.75,4.759,4.622,4.64
2023-10-10,1696896000,4.64,4.716,4.615,4.655
2023-10-11,1696982400,4.657,4.66,4.544,4.56
2023-10-12,1697068800,4.558,4.728,4.531,4.699
2023-10-13,1697155200,4.699,4.703,4.585,4.615
2023-10-16,1697414400,4.644,4.727,4.635,4.708
2023-10-17,1697500800,4.7,4.861,4.7,4.838
2023-10-18,1697587200,4.836,4.928,4.812,4.918
2023-10-19,1697673600,4.915,4.997,4.897,4.992
2023-10-20,1697760000,4.99,4.999,4.895,4.918
2023-10-23,1698019200,4.956,5.023,4.829,4.851
2023-10-24,1698105600,4.848,4.892,4.798,4.827
2023-10-25,1698192000,4.819,4.967,4.806,4.959
2023-10-26,1698278400,4.961,4.991,4.838,4.847
2023-10-27,1698364800,4.849,4.89,4.831,4.839
2023-10-30,1698624000,4.842,4.925,4.835,4.896
2023-10-31,1698710400,4.888,4.936,4.804,4.933
2023-11-01,1698796800,4.926,4.938,4.733,4.736
2023-11-02,1698883200,4.734,4.751,4.623,4.661
2023-11-03,1698969600,4.661,4.679,4.486,4.574
2023-11-06,1699228800,4.586,4.672,4.577,4.647
2023-11-07,1699315200,4.647,4.666,4.545,4.569
2023-11-08,1699401600,4.569,4.614,4.491,4.499
2023-11-09,1699488000,4.492,4.653,4.478,4.628
2023-11-10,1699574400,4.632,4.658,4.567,4.654
2023-11-13,1699833600,4.646,4.699,4.626,4.645
2023-11-14,1699920000,4.638,4.656,4.43,4.449
2023-11-15,1700006400,4.449,4.563,4.426,4.536
2023-11-16,1700092800,4.537,4.541,4.432,4.436
2023-11-17,1700179200,4.438,4.469,4.381,4.437
2023-11-20,1700438400,4.466,4.489,4.411,4.422
2023-11-21,1700524800,4.426,4.444,4.385,4.394
2023-11-22,1700611200,4.398,4.45,4.364,4.409
2023-11-23,1700697600,4.408,4.464,4.391,4.453
2023-11-24,1700784000,4.451,4.496,4.444,4.472
2023-11-27,1701043200,4.488,4.515,4.38,4.389
2023-11-28,1701129600,4.39,4.419,4.316,4.323
2023-11-29,1701216000,4.325,4.325,4.252,4.257
2023-11-30,1701302400,4.259,4.368,4.244,4.328
2023-12-01,1701388800,4.33,4.349,4.198,4.198
2023-12-04,1701648000,4.215,4.303,4.215,4.257
2023-12-05,1701734400,4.259,4.266,4.162,4.166
2023-12-06,1701820800,4.167,4.204,4.104,4.106
2023-12-07,1701907200,4.114,4.184,4.099,4.151
2023-12-08,1701993600,4.148,4.281,4.144,4.228
2023-12-11,1702252800,4.241,4.289,4.227,4.236
2023-12-12,1702339200,4.237,4.253,4.159,4.204
2023-12-13,1702425600,4.21,4.211,4.004,4.02
2023-12-14,1702512000,4.024,4.024,3.888,3.923
2023-12-15,1702598400,3.921,3.972,3.895,3.913
2023-12-18,1702857600,3.924,3.97,3.892,3.935
2023-12-19,1702944000,3.935,3.948,3.893,3.933
2023-12-20,1703030400,3.931,3.931,3.847,3.849
2023-12-21,1703116800,3.853,3.906,3.828,3.89
2023-12-22,1703203200,3.892,3.923,3.85,3.895
2023-12-26,1703548800,3.905,3.912,3.88,3.898
2023-12-27,1703635200,3.897,3.903,3.783,3.796
2023-12-28,1703721600,3.789,3.861,3.789,3.846
2023-12-29,1703808000,3.846,3.9,3.834,3.89
2024-01-02,1704153600,3.879,3.975,3.873,3.933
2024-01-03,1704240000,3.941,4.009,3.894,3.92
2024-01-04,1704326400,3.92,4.009,3.903,4.003
2024-01-05,1704412800,4.003,4.103,3.951,4.046
2024-01-08,1704672000,4.046,4.068,3.965,4.034
2024-01-09,1704758400,4.027,4.056,3.997,4.015
2024-01-10,1704844800,4.015,4.038,3.98,4.03
2024-01-11,1704931200,4.03,4.068,3.968,3.968
2024-01-12,1705017600,3.975,4.01,3.927,3.943
2024-01-15,1705276800,3.956,4.002,3.949,3.976
2024-01-16,1705363200,3.986,4.084,3.981,4.06
2024-01-17,1705449600,4.054,4.133,4.039,4.106
2024-01-18,1705536000,4.106,4.157,4.075,4.147
2024-01-19,1705622400,4.142,4.2,4.123,4.126
2024-01-22,1705881600,4.139,4.144,4.074,4.107
2024-01-23,1705968000,4.107,4.156,4.09,4.13
2024-01-24,1706054400,4.132,4.189,4.088,4.178
2024-01-25,1706140800,4.18,4.196,4.12,4.12
2024-01-26,1706227200,4.12,4.171,4.095,4.142
2024-01-29,1706486400,4.13,4.148,4.061,4.076
2024-01-30,1706572800,4.076,4.104,4.033,4.034
2024-01-31,1706659200,4.036,4.042,3.91,3.914
2024-02-01,1706745600,3.918,3.954,3.815,3.882
2024-02-02,1706832000,3.882,4.057,3.869,4.024
2024-02-05,1707091200,4.049,4.181,4.049,4.162
2024-02-06,1707177600,4.162,4.174,4.082,4.106
2024-02-07,1707264000,4.09,4.137,4.068,4.123
2024-02-08,1707350400,4.115,4.174,4.094,4.16
2024-02-09,1707436800,4.158,4.199,4.129,4.177
2024-02-12,1707696000,4.183,4.2,4.151,4.181
2024-02-13,1707782400,4.179,4.331,4.129,4.316
2024-02-14,1707868800,4.326,4.334,4.246,4.26
2024-02-15,1707955200,4.261,4.264,4.19,4.235
2024-02-16,1708041600,4.234,4.331,4.23,4.283
2024-02-19,1708300800,4.289,4.328,4.282,4.328
2024-02-20,1708387200,4.324,4.328,4.242,4.279
2024-02-21,1708473600,4.275,4.329,4.251,4.321
2024-02-22,1708560000,4.319,4.349,4.297,4.325
2024-02-23,1708646400,4.331,4.352,4.242,4.252
2024-02-26,1708905600,4.256,4.31,4.212,4.28
2024-02-27,1708992000,4.281,4.322,4.257,4.303
2024-02-28,1709078400,4.303,4.311,4.265,4.266
2024-02-29,1709164800,4.266,4.32,4.227,4.252
2024-03-01,1709251200,4.254,4.293,4.175,4.182
2024-03-04,1709510400,4.188,4.236,4.184,4.215
2024-03-05,1709596800,4.217,4.223,4.109,4.155
2024-03-06,1709683200,4.151,4.172,4.076,4.106
2024-03-07,1709769600,4.108,4.129,4.053,4.087
2024-03-08,1709856000,4.089,4.127,4.041,4.077
2024-03-11,1710115200,4.083,4.117,4.051,4.1
2024-03-12,1710201600,4.098,4.174,4.085,4.155
2024-03-13,1710288000,4.151,4.197,4.133,4.192
2024-03-14,1710374400,4.188,4.301,4.187,4.292
2024-03-15,1710460800,4.292,4.321,4.271,4.308
2024-03-18,1710720000,4.313,4.351,4.291,4.326
2024-03-19,1710806400,4.328,4.336,4.284,4.293
2024-03-20,1710892800,4.293,4.32,4.233,4.275
2024-03-21,1710979200,4.277,4.293,4.217,4.269
2024-03-22,1711065600,4.269,4.269,4.198,4.202
2024-03-25,1711324800,4.203,4.262,4.19,4.247
2024-03-26,1711411200,4.249,4.275,4.224,4.235
2024-03-27,1711497600,4.238,4.244,4.183,4.194
2024-03-28,1711584000,4.188,4.235,4.183,4.21
2024-03-29,1711670400,4.21,4.21,4.21,4.21
2024-04-01,1711929600,4.192,4.34,4.189,4.313
2024-04-02,1712016000,4.317,4.407,4.303,4.354
2024-04-03,1712102400,4.353,4.427,4.346,4.349
2024-04-04,1712188800,4.351,4.377,4.299,4.311
2024-04-05,1712275200,4.307,4.406,4.301,4.406
2024-04-08,1712534400,4.428,4.465,4.408,4.424
2024-04-09,1712620800,4.422,4.432,4.355,4.364
2024-04-10,1712707200,4.362,4.571,4.343,4.546
2024-04-11,1712793600,4.546,4.591,4.515,4.591
2024-04-12,1712880000,4.584,4.589,4.483,4.523
2024-04-15,1713139200,4.512,4.666,4.512,4.605
2024-04-16,1713225600,4.61,4.698,4.592,4.669
2024-04-17,1713312000,4.669,4.687,4.575,4.589
2024-04-18,1713398400,4.589,4.655,4.56,4.635
2024-04-19,1713484800,4.637,4.638,4.495,4.625
2024-04-22,1713744000,4.651,4.67,4.61,4.612
2024-04-23,1713830400,4.612,4.657,4.569,4.604
2024-04-24,1713916800,4.607,4.673,4.6,4.644
2024-04-25,1714003200,4.644,4.743,4.629,4.708
2024-04-26,1714089600,4.704,4.719,4.648,4.667
2024-04-29,1714348800,4.667,4.667,4.607,4.616
2024-04-30,1714435200,4.611,4.693,4.601,4.684
2024-05-01,1714521600,4.682,4.697,4.579,4.632
2024-05-02,1714608000,4.641,4.652,4.566,4.583
2024-05-03,1714694400,4.589,4.596,4.454,4.512
2024-05-06,1714953600,4.503,4.516,4.467,4.489
2024-05-07,1715040000,4.487,4.496,4.417,4.459
2024-05-08,1715126400,4.461,4.5,4.448,4.496
2024-05-09,1715212800,4.5,4.523,4.448,4.457
2024-05-10,1715299200,4.459,4.51,4.442,4.498
2024-05-13,1715558400,4.495,4.499,4.457,4.488
2024-05-14,1715644800,4.49,4.525,4.44,4.442
2024-05-15,1715731200,4.445,4.453,4.34,4.342
2024-05-16,1715817600,4.344,4.384,4.311,4.377
2024-05-17,1715904000,4.375,4.426,4.362,4.422
2024-05-20,1716163200,4.418,4.455,4.406,4.446
2024-05-21,1716249600,4.446,4.453,4.398,4.415
2024-05-22,1716336000,4.412,4.462,4.41,4.426
2024-05-23,1716422400,4.426,4.499,4.409,4.479
2024-05-24,1716508800,4.479,4.505,4.455,4.455
2024-05-27,1716768000,4.455,4.471,4.446,4.459
2024-05-28,1716854400,4.462,4.553,4.446,4.553
2024-05-29,1716940800,4.548,4.638,4.541,4.616
2024-05-30,1717027200,4.616,4.631,4.541,4.548
2024-05-31,1717113600,4.55,4.573,4.485,4.501
2024-06-03,1717372800,4.499,4.501,4.389,4.39
2024-06-04,1717459200,4.392,4.412,4.312,4.328
2024-06-05,1717545600,4.328,4.358,4.271,4.273
2024-06-06,1717632000,4.275,4.319,4.273,4.285
2024-06-07,1717718400,4.287,4.441,4.285,4.441
2024-06-10,1717977600,4.444,4.48,4.443,4.471
2024-06-11,1718064000,4.471,4.471,4.394,4.406
2024-06-12,1718150400,4.402,4.41,4.249,4.318
2024-06-13,1718236800,4.318,4.328,4.219,4.242
2024-06-14,1718323200,4.248,4.269,4.187,4.222
2024-06-17,1718582400,4.238,4.299,4.229,4.285
2024-06-18,1718668800,4.285,4.302,4.207,4.225
2024-06-19,1718755200,4.219,4.241,4.219,4.232
2024-06-20,1718841600,4.234,4.296,4.232,4.263
2024-06-21,1718928000,4.261,4.279,4.217,4.258
2024-06-24,1719187200,4.261,4.279,4.228,4.234
2024-06-25,1719273600,4.234,4.261,4.21,4.25
2024-06-26,1719360000,4.248,4.335,4.243,4.331
2024-06-27,1719446400,4.329,4.351,4.275,4.289
2024-06-28,1719532800,4.286,4.406,4.261,4.4
2024-07-01,1719792000,4.406,4.497,4.388,4.468
2024-07-02,1719878400,4.471,4.472,4.41,4.432
2024-07-03,1719964800,4.438,4.444,4.334,4.36
2024-07-04,1720051200,4.36,4.374,4.355,4.371
2024-07-05,1720137600,4.373,4.403,4.268,4.28
2024-07-08,1720396800,4.275,4.312,4.262,4.282
2024-07-09,1720483200,4.28,4.328,4.27,4.298
2024-07-10,1720569600,4.296,4.312,4.264,4.286
2024-07-11,1720656000,4.282,4.296,4.162,4.212
2024-07-12,1720742400,4.212,4.232,4.176,4.181
2024-07-15,1721001600,4.238,4.257,4.197,4.231
2024-07-16,1721088000,4.231,4.231,4.152,4.16
2024-07-17,1721174400,4.16,4.192,4.141,4.157
2024-07-18,1721260800,4.161,4.204,4.153,4.204
2024-07-19,1721347200,4.202,4.25,4.185,4.241
2024-07-22,1721606400,4.225,4.28,4.206,4.254
2024-07-23,1721692800,4.254,4.257,4.224,4.253
2024-07-24,1721779200,4.254,4.293,4.209,4.288
2024-07-25,1721865600,4.286,4.287,4.197,4.245
2024-07-26,1721952000,4.245,4.268,4.19,4.197
2024-07-29,1722211200,4.195,4.201,4.153,4.18
2024-07-30,1722297600,4.172,4.19,4.129,4.141
2024-07-31,1722384000,4.141,4.156,4.029,4.033
2024-08-01,1722470400,4.033,4.066,3.961,3.978
2024-08-02,1722556800,3.982,3.987,3.78,3.785
2024-08-05,1722816000,3.792,3.83,3.659,3.787
2024-08-06,1722902400,3.79,3.909,3.777,3.894
2024-08-07,1722988800,3.901,3.977,3.872,3.945
2024-08-08,1723075200,3.953,4.02,3.898,3.99
2024-08-09,1723161600,3.991,3.996,3.922,3.942
2024-08-12,1723420800,3.953,3.968,3.899,3.905
2024-08-13,1723507200,3.907,3.928,3.845,3.845
2024-08-14,1723593600,3.846,3.874,3.797,3.839
2024-08-15,1723680000,3.839,3.959,3.828,3.915
2024-08-16,1723766400,3.919,3.934,3.872,3.896
2024-08-19,1724025600,3.915,3.922,3.856,3.875
2024-08-20,1724112000,3.875,3.89,3.81,3.81
2024-08-21,1724198400,3.81,3.827,3.763,3.803
2024-08-22,1724284800,3.799,3.878,3.79,3.854
2024-08-23,1724371200,3.858,3.862,3.794,3.801
2024-08-26,1724630400,3.804,3.822,3.774,3.818
2024-08-27,1724716800,3.82,3.868,3.808,3.823
2024-08-28,1724803200,3.829,3.848,3.806,3.837
2024-08-29,1724889600,3.839,3.891,3.82,3.863
2024-08-30,1724976000,3.863,3.924,3.848,3.905
2024-09-02,1725235200,3.915,3.941,3.905,3.928
2024-09-03,1725321600,3.931,3.933,3.82,3.833
2024-09-04,1725408000,3.831,3.841,3.754,3.757
2024-09-05,1725494400,3.757,3.774,3.72,3.731
2024-09-06,1725580800,3.725,3.757,3.654,3.712
2024-09-09,1725840000,3.718,3.763,3.689,3.701
2024-09-10,1725926400,3.702,3.725,3.635,3.646
2024-09-11,1726012800,3.64,3.688,3.603,3.655
2024-09-12,1726099200,3.661,3.7,3.64,3.676
2024-09-13,1726185600,3.68,3.68,3.624,3.654
2024-09-16,1726444800,3.644,3.661,3.617,3.62
2024-09-17,1726531200,3.618,3.657,3.603,3.648
2024-09-18,1726617600,3.648,3.729,3.636,3.706
2024-09-19,1726704000,3.713,3.776,3.694,3.717
2024-09-20,1726790400,3.719,3.764,3.701,3.743
2024-09-23,1727049600,3.752,3.797,3.733,3.753
2024-09-24,1727136000,3.751,3.81,3.73,3.733
2024-09-25,1727222400,3.732,3.797,3.728,3.79
2024-09-26,1727308800,3.791,3.826,3.759,3.802
2024-09-27,1727395200,3.796,3.814,3.745,3.753
2024-09-30,1727654400,3.757,3.812,3.75,3.788
2024-10-01,1727740800,3.787,3.797,3.701,3.733
2024-10-02,1727827200,3.731,3.815,3.726,3.785
2024-10-03,1727913600,3.783,3.862,3.783,3.851
2024-10-04,1728000000,3.846,3.994,3.836,3.969
2024-10-07,1728259200,3.997,4.036,3.969,4.031
2024-10-08,1728345600,4.028,4.061,3.996,4.017
2024-10-09,1728432000,4.017,4.082,4.01,4.075
2024-10-10,1728518400,4.078,4.123,4.057,4.066
2024-10-11,1728604800,4.067,4.114,4.061,4.073
2024-10-14,1728864000,4.109,4.148,4.095,4.111
2024-10-15,1728950400,4.107,4.107,4.026,4.036
2024-10-16,1729036800,4.034,4.043,3.993,4.014
2024-10-17,1729123200,4.016,4.102,4.016,4.093
2024-10-18,1729209600,4.095,4.123,4.065,4.075
2024-10-21,1729468800,4.09,4.201,4.077,4.2
2024-10-22,1729555200,4.196,4.225,4.175,4.212
2024-10-23,1729641600,4.208,4.264,4.208,4.251
2024-10-24,1729728000,4.246,4.258,4.183,4.215
2024-10-25,1729814400,4.214,4.253,4.176,4.232
2024-10-28,1730073600,4.303,4.303,4.232,4.284
2024-10-29,1730160000,4.282,4.338,4.253,4.255
2024-10-30,1730246400,4.256,4.308,4.201,4.306
2024-10-31,1730332800,4.3,4.337,4.266,4.286
2024-11-01,1730419200,4.282,4.392,4.223,4.363
2024-11-04,1730678400,4.3,4.336,4.271,4.287
2024-11-05,1730764800,4.287,4.366,4.273,4.273
2024-11-06,1730851200,4.281,4.486,4.131,4.433
2024-11-07,1730937600,4.431,4.457,4.315,4.33
2024-11-08,1731024000,4.326,4.355,4.268,4.305
2024-11-11,1731283200,4.317,4.37,4.315,4.339
2024-11-12,1731369600,4.339,4.446,4.319,4.434
2024-11-13,1731456000,4.43,4.465,4.366,4.456
2024-11-14,1731542400,4.451,4.486,4.389,4.442
2024-11-15,1731628800,4.447,4.502,4.402,4.444
2024-11-18,1731888000,4.442,4.491,4.407,4.418
2024-11-19,1731974400,4.414,4.418,4.339,4.399
2024-11-20,1732060800,4.396,4.441,4.388,4.414
2024-11-21,1732147200,4.414,4.441,4.381,4.424
2024-11-22,1732233600,4.42,4.428,4.383,4.411
2024-11-25,1732492800,4.339,4.366,4.262,4.274
2024-11-26,1732579200,4.275,4.327,4.267,4.31
2024-11-27,1732665600,4.294,4.314,4.229,4.267
2024-11-28,1732752000,4.265,4.274,4.242,4.242
2024-11-29,1732838400,4.252,4.258,4.172,4.177
2024-12-02,1733097600,4.206,4.245,4.17,4.191
2024-12-03,1733184000,4.194,4.24,4.165,4.23
2024-12-04,1733270400,4.228,4.286,4.179,4.182
2024-12-05,1733356800,4.184,4.226,4.173,4.178
2024-12-06,1733443200,4.178,4.196,4.125,4.148
2024-12-09,1733702400,4.154,4.203,4.132,4.201
2024-12-10,1733788800,4.203,4.245,4.186,4.228
2024-12-11,1733875200,4.228,4.281,4.201,4.273
2024-12-12,1733961600,4.275,4.341,4.267,4.33
2024-12-13,1734048000,4.332,4.409,4.316,4.394
2024-12-16,1734307200,4.393,4.411,4.362,4.401
2024-12-17,1734393600,4.401,4.438,4.373,4.401
2024-12-18,1734480000,4.395,4.527,4.38,4.522
2024-12-19,1734566400,4.52,4.597,4.504,4.566
2024-12-20,1734652800,4.566,4.566,4.481,4.529
2024-12-23,1734912000,4.519,4.597,4.518,4.589
2024-12-24,1734998400,4.589,4.628,4.579,4.591
2024-12-25,1735084800,4.592,4.592,4.592,4.592
2024-12-26,1735171200,4.59,4.641,4.572,4.585
2024-12-27,1735257600,4.585,4.632,4.57,4.629
2024-12-30,1735516800,4.63,4.632,4.534,4.534
2024-12-31,1735603200,4.533,4.586,4.507,4.579
2025-01-02,1735776000,4.573,4.597,4.518,4.563
2025-01-03,1735862400,4.563,4.604,4.534,4.601
2025-01-06,1736121600,4.616,4.643,4.579,4.633
2025-01-07,1736208000,4.624,4.704,4.604,4.687
2025-01-08,1736294400,4.685,4.733,4.663,4.691
2025-01-09,1736380800,4.693,4.693,4.643,4.689
2025-01-10,1736467200,4.676,4.791,4.671,4.762
2025-01-13,1736726400,4.761,4.805,4.759,4.786
2025-01-14,1736812800,4.782,4.82,4.751,4.794
2025-01-15,1736899200,4.795,4.795,4.634,4.652
2025-01-16,1736985600,4.655,4.687,4.583,4.61
2025-01-17,1737072000,4.613,4.628,4.563,4.622
2025-01-20,1737331200,4.628,4.654,4.584,4.584
2025-01-21,1737417600,4.575,4.59,4.528,4.579
2025-01-22,1737504000,4.574,4.617,4.555,4.615
2025-01-23,1737590400,4.613,4.663,4.597,4.648
2025-01-24,1737676800,4.646,4.659,4.604,4.625
2025-01-27,1737936000,4.615,4.615,4.494,4.536
2025-01-28,1738022400,4.534,4.579,4.532,4.534
2025-01-29,1738108800,4.534,4.59,4.507,4.53
2025-01-30,1738195200,4.534,4.543,4.485,4.516
2025-01-31,1738281600,4.52,4.581,4.501,4.542
2025-02-03,1738540800,4.565,4.576,4.46,4.557
2025-02-04,1738627200,4.557,4.596,4.505,4.512
2025-02-05,1738713600,4.513,4.528,4.401,4.42
2025-02-06,1738800000,4.424,4.46,4.415,4.437
2025-02-07,1738886400,4.436,4.512,4.428,4.494
2025-02-10,1739145600,4.487,4.507,4.458,4.5
2025-02-11,1739232000,4.501,4.547,4.482,4.536
2025-02-12,1739318400,4.538,4.661,4.53,4.629
2025-02-13,1739404800,4.627,4.629,4.512,4.528
2025-02-14,1739491200,4.533,4.546,4.446,4.477
2025-02-17,1739750400,4.471,4.506,4.47,4.493
2025-02-18,1739836800,4.482,4.56,4.482,4.553
2025-02-19,1739923200,4.552,4.576,4.527,4.536
2025-02-20,1740009600,4.535,4.536,4.493,4.506
2025-02-21,1740096000,4.507,4.511,4.405,4.43
2025-02-24,1740355200,4.439,4.455,4.388,4.401
2025-02-25,1740441600,4.4,4.401,4.287,4.298
2025-02-26,1740528000,4.298,4.338,4.248,4.257
2025-02-27,1740614400,4.256,4.315,4.256,4.263
2025-02-28,1740700800,4.266,4.276,4.194,4.21
2025-03-03,1740960000,4.235,4.265,4.144,4.153
2025-03-04,1741046400,4.159,4.254,4.105,4.248
2025-03-05,1741132800,4.242,4.294,4.185,4.282
2025-03-06,1741219200,4.28,4.346,4.271,4.28
2025-03-07,1741305600,4.28,4.329,4.207,4.304
2025-03-10,1741564800,4.279,4.295,4.196,4.215
2025-03-11,1741651200,4.219,4.296,4.149,4.282
2025-03-12,1741737600,4.282,4.334,4.25,4.314
2025-03-13,1741824000,4.316,4.354,4.255,4.271
2025-03-14,1741910400,4.27,4.325,4.27,4.316
2025-03-17,1742169600,4.311,4.331,4.261,4.302
2025-03-18,1742256000,4.299,4.338,4.266,4.286
2025-03-19,1742342400,4.285,4.321,4.24,4.245
2025-03-20,1742428800,4.247,4.247,4.173,4.24
2025-03-21,1742515200,4.241,4.265,4.201,4.249
2025-03-24,1742774400,4.258,4.342,4.254,4.339
2025-03-25,1742860800,4.339,4.369,4.298,4.314
2025-03-26,1742947200,4.317,4.362,4.314,4.354
2025-03-27,1743033600,4.354,4.403,4.331,4.361
2025-03-28,1743120000,4.362,4.364,4.244,4.251
2025-03-31,1743379200,4.224,4.259,4.18,4.209
2025-04-01,1743465600,4.211,4.22,4.132,4.169
2025-04-02,1743552000,4.161,4.235,4.108,4.13
2025-04-03,1743638400,4.127,4.127,4.003,4.032
2025-04-04,1743724800,4.038,4.05,3.86,3.998
2025-04-07,1743984000,3.881,4.227,3.849,4.189
2025-04-08,1744070400,4.203,4.298,4.128,4.296
2025-04-09,1744156800,4.291,4.514,4.264,4.335
2025-04-10,1744243200,4.328,4.43,4.259,4.43
2025-04-11,1744329600,4.425,4.588,4.382,4.495
2025-04-14,1744588800,4.509,4.533,4.36,4.378
2025-04-15,1744675200,4.384,4.407,4.304,4.335
2025-04-16,1744761600,4.341,4.35,4.259,4.273
2025-04-17,1744848000,4.281,4.339,4.264,4.329
2025-04-21,1745193600,4.338,4.419,4.33,4.412
2025-04-22,1745280000,4.417,4.437,4.372,4.403
2025-04-23,1745366400,4.401,4.401,4.264,4.387
2025-04-24,1745452800,4.385,4.389,4.303,4.317
2025-04-25,1745539200,4.315,4.329,4.235,4.254
2025-04-28,1745798400,4.24,4.295,4.202,4.21
2025-04-29,1745884800,4.206,4.245,4.161,4.174
2025-04-30,1745971200,4.172,4.229,4.135,4.161
2025-05-01,1746057600,4.168,4.241,4.124,4.22
2025-05-02,1746144000,4.216,4.334,4.197,4.313
2025-05-05,1746403200,4.306,4.37,4.288,4.347
2025-05-06,1746489600,4.349,4.379,4.296,4.3
2025-05-07,1746576000,4.299,4.337,4.258,4.27
2025-05-08,1746662400,4.269,4.396,4.267,4.382
2025-05-09,1746748800,4.38,4.396,4.342,4.381
2025-05-12,1747008000,4.409,4.477,4.402,4.473
2025-05-13,1747094400,4.473,4.506,4.424,4.469
2025-05-14,1747180800,4.471,4.548,4.449,4.544
2025-05-15,1747267200,4.542,4.552,4.431,4.435
2025-05-16,1747353600,4.432,4.489,4.389,4.443
2025-05-19,1747612800,4.489,4.566,4.446,4.451
2025-05-20,1747699200,4.449,4.522,4.429,4.487
2025-05-21,1747785600,4.485,4.605,4.464,4.601
2025-05-22,1747872000,4.603,4.627,4.528,4.53
2025-05-23,1747958400,4.529,4.544,4.445,4.507
2025-05-26,1748217600,4.517,4.563,4.506,4.51
2025-05-27,1748304000,4.51,4.517,4.43,4.448
2025-05-28,1748390400,4.448,4.5,4.438,4.48
2025-05-29,1748476800,4.475,4.539,4.415,4.42
2025-05-30,1748563200,4.426,4.438,4.382,4.403
2025-06-02,1748822400,4.384,4.469,4.384,4.439
2025-06-03,1748908800,4.439,4.474,4.404,4.456
2025-06-04,1748995200,4.458,4.469,4.347,4.356
2025-06-05,1749081600,4.356,4.402,4.314,4.393
2025-06-06,1749168000,4.395,4.52,4.373,4.505
2025-06-09,1749427200,4.512,4.524,4.471,4.477
2025-06-10,1749513600,4.477,4.492,4.438,4.471
2025-06-11,1749600000,4.473,4.507,4.405,4.424
2025-06-12,1749686400,4.424,4.424,4.342,4.362
2025-06-13,1749772800,4.363,4.45,4.312,4.4
2025-06-16,1750032000,4.404,4.462,4.399,4.447
2025-06-17,1750118400,4.449,4.45,4.381,4.392
2025-06-18,1750204800,4.388,4.412,4.341,4.394
2025-06-19,1750291200,4.397,4.401,4.374,4.39
2025-06-20,1750377600,4.387,4.444,4.358,4.376
2025-06-23,1750636800,4.358,4.406,4.29,4.348
2025-06-24,1750723200,4.348,4.37,4.283,4.297
2025-06-25,1750809600,4.299,4.337,4.274,4.292
2025-06-26,1750896000,4.288,4.292,4.24,4.243
2025-06-27,1750982400,4.245,4.292,4.238,4.274
2025-06-30,1751241600,4.285,4.299,4.22,4.229
2025-07-01,1751328000,4.229,4.279,4.185,4.245
2025-07-02,1751414400,4.243,4.31,4.239,4.281
2025-07-03,1751500800,4.276,4.382,4.251,4.337
2025-07-04,1751587200,4.335,4.34,4.304,4.328
2025-07-07,1751846400,4.337,4.399,4.32,4.384
2025-07-08,1751932800,4.382,4.388,4.378,4.386
2025-07-10,1752105600,4.333,4.375,4.329,4.355
2025-07-11,1752192000,4.353,4.429,4.34,4.416
2025-07-14,1752451200,4.41,4.447,4.405,4.436
2025-07-15,1752537600,4.434,4.495,4.396,4.488
2025-07-16,1752624000,4.49,4.497,4.438,4.458
2025-07-17,1752710400,4.454,4.493,4.431,4.453
2025-07-18,1752796800,4.451,4.454,4.416,4.416
2025-07-21,1753056000,4.416,4.432,4.348,4.379
2025-07-22,1753142400,4.377,4.398,4.328,4.345
2025-07-23,1753228800,4.35,4.398,4.347,4.383
2025-07-24,1753315200,4.387,4.443,4.383,4.397
2025-07-25,1753401600,4.399,4.428,4.368,4.386
2025-07-28,1753660800,4.402,4.421,4.367,4.413
2025-07-29,1753747200,4.415,4.422,4.318,4.318
2025-07-30,1753833600,4.32,4.382,4.313,4.373
2025-07-31,1753920000,4.377,4.382,4.326,4.375
2025-08-01,1754006400,4.373,4.408,4.203,4.22
2025-08-04,1754265600,4.215,4.257,4.19,4.196
2025-08-05,1754352000,4.196,4.224,4.183,4.212
2025-08-06,1754438400,4.208,4.281,4.208,4.228
2025-08-07,1754524800,4.232,4.253,4.214,4.249
2025-08-08,1754611200,4.247,4.289,4.238,4.283
2025-08-11,1754870400,4.282,4.294,4.253,4.285
2025-08-12,1754956800,4.285,4.331,4.251,4.291
2025-08-13,1755043200,4.293,4.317,4.224,4.235
2025-08-14,1755129600,4.235,4.298,4.202,4.285
2025-08-15,1755216000,4.293,4.332,4.269,4.32
2025-08-18,1755475200,4.322,4.352,4.289,4.334
2025-08-19,1755561600,4.334,4.347,4.298,4.307
2025-08-20,1755648000,4.309,4.325,4.275,4.295
2025-08-21,1755734400,4.293,4.347,4.287,4.331
2025-08-22,1755820800,4.324,4.342,4.245,4.258
2025-08-25,1756080000,4.257,4.297,4.255,4.276
2025-08-26,1756166400,4.275,4.313,4.247,4.26
2025-08-27,1756252800,4.262,4.288,4.23,4.234
2025-08-28,1756339200,4.232,4.246,4.2,4.203
2025-08-29,1756425600,4.203,4.239,4.203,4.226
2025-09-01,1756684800,4.23,4.28,4.23,4.247
2025-09-02,1756771200,4.251,4.306,4.238,4.261
2025-09-03,1756857600,4.263,4.3,4.199,4.22
2025-09-04,1756944000,4.22,4.224,4.156,4.16
2025-09-05,1757030400,4.162,4.165,4.059,4.086
2025-09-08,1757289600,4.079,4.1,4.038,4.042
2025-09-09,1757376000,4.045,4.091,4.04,4.086
2025-09-10,1757462400,4.094,4.094,4.017,4.044
2025-09-11,1757548800,4.044,4.058,3.988,4.023
2025-09-12,1757635200,4.029,4.084,4.022,4.06
2025-09-15,1757894400,4.08,4.091,4.031,4.04
2025-09-16,1757980800,4.038,4.063,4.019,4.028
2025-09-17,1758067200,4.029,4.092,3.987,4.091
2025-09-18,1758153600,4.096,4.138,4.042,4.108
2025-09-19,1758240000,4.106,4.147,4.106,4.139
2025-09-22,1758499200,4.14,4.156,4.122,4.15
2025-09-23,1758585600,4.147,4.152,4.106,4.11
2025-09-24,1758672000,4.106,4.153,4.099,4.151
2025-09-25,1758758400,4.151,4.202,4.134,4.172
2025-09-26,1758844800,4.17,4.198,4.152,4.178
2025-09-29,1759104000,4.182,4.182,4.134,4.139
2025-09-30,1759190400,4.139,4.159,4.106,4.152
2025-10-01,1759276800,4.15,4.169,4.088,4.101
2025-10-02,1759363200,4.101,4.129,4.083,4.085
2025-10-03,1759449600,4.085,4.127,4.076,4.119
2025-10-06,1759708800,4.143,4.171,4.134,4.159
2025-10-07,1759795200,4.159,4.182,4.117,4.129
2025-10-08,1759881600,4.131,4.14,4.099,4.124
2025-10-09,1759968000,4.124,4.157,4.11,4.145
2025-10-10,1760054400,4.143,4.147,4.034,4.034
2025-10-13,1760313600,4.071,4.085,4.052,4.052
2025-10-14,1760400000,4.055,4.071,3.999,4.036
2025-10-15,1760486400,4.039,4.05,4.001,4.032
2025-10-16,1760572800,4.034,4.053,3.966,3.976
2025-10-17,1760659200,3.975,4.02,3.935,4.009
2025-10-20,1760918400,4.02,4.029,3.98,3.982
2025-10-21,1761004800,3.98,3.99,3.945,3.964
2025-10-22,1761091200,3.959,3.976,3.937,3.952
2025-10-23,1761177600,3.95,4.008,3.945,4.003
2025-10-24,1761264000,4.004,4.018,3.964,3.997
2025-10-27,1761523200,4.036,4.045,3.982,3.982
2025-10-28,1761609600,3.985,4.006,3.97,3.978
2025-10-29,1761696000,3.985,4.083,3.975,4.08
2025-10-30,1761782400,4.081,4.118,4.06,4.103
2025-10-31,1761868800,4.101,4.122,4.079,4.079
2025-11-03,1762128000,4.092,4.123,4.083,4.113
2025-11-04,1762214400,4.111,4.114,4.077,4.086
2025-11-05,1762300800,4.084,4.164,4.051,4.16
2025-11-06,1762387200,4.16,4.164,4.077,4.088
2025-11-07,1762473600,4.088,4.113,4.065,4.097
2025-11-10,1762732800,4.127,4.148,4.097,4.116
2025-11-11,1762819200,4.12,4.123,4.065,4.072
2025-11-12,1762905600,4.072,4.093,4.053,4.07
2025-11-13,1762992000,4.07,4.111,4.058,4.107
2025-11-14,1763078400,4.109,4.152,4.051,4.15
2025-11-17,1763337600,4.152,4.157,4.115,4.138
2025-11-18,1763424000,4.14,4.147,4.082,4.115
2025-11-19,1763510400,4.114,4.142,4.098,4.14
2025-11-20,1763596800,4.14,4.168,4.082,4.084
2025-11-21,1763683200,4.085,4.099,4.033,4.063
2025-11-24,1763942400,4.068,4.07,4.024,4.024
2025-11-25,1764028800,4.026,4.043,3.984,3.996
2025-11-26,1764115200,3.996,4.043,3.991,3.998
2025-11-27,1764201600,3.998,4.015,3.991,3.999
2025-11-28,1764288000,4.005,4.033,3.994,4.019
2025-12-01,1764547200,4.027,4.102,4.027,4.09
2025-12-02,1764633600,4.091,4.118,4.083,4.088
2025-12-03,1764720000,4.091,4.093,4.047,4.065
2025-12-04,1764806400,4.067,4.112,4.065,4.1
2025-12-05,1764892800,4.1,4.146,4.089,4.139
2025-12-08,1765152000,4.142,4.194,4.13,4.168
2025-12-09,1765238400,4.169,4.194,4.143,4.192
2025-12-10,1765324800,4.191,4.212,4.141,4.155
2025-12-11,1765411200,4.155,4.162,4.104,4.16
2025-12-12,1765497600,4.162,4.201,4.148,4.196
2025-12-15,1765756800,4.193,4.193,4.149,4.174
2025-12-16,1765843200,4.172,4.197,4.133,4.145
2025-12-17,1765929600,4.142,4.182,4.142,4.154
2025-12-18,1766016000,4.154,4.154,4.105,4.121
2025-12-19,1766102400,4.121,4.154,4.119,4.151
2025-12-22,1766361600,4.149,4.176,4.149,4.165
2025-12-23,1766448000,4.167,4.204,4.138,4.165
2025-12-24,1766534400,4.165,4.17,4.13,4.131
2025-12-26,1766707200,4.133,4.154,4.107,4.134
2025-12-29,1766966400,4.133,4.138,4.101,4.111
2025-12-30,1767052800,4.115,4.143,4.104,4.126
2025-12-31,1767139200,4.124,4.18,4.104,4.177
2026-01-02,1767312000,4.179,4.2,4.152,4.189
2026-01-05,1767571200,4.189,4.198,4.15,4.164
2026-01-06,1767657600,4.168,4.198,4.162,4.177
2026-01-07,1767744000,4.175,4.177,4.125,4.139
2026-01-09,1767916800,4.182,4.202,4.158,4.166
2026-01-12,1768176000,4.166,4.206,4.166,4.178
2026-01-13,1768262400,4.178,4.2,4.157,4.18
2026-01-14,1768348800,4.18,4.182,4.129,4.135
2026-01-15,1768435200,4.137,4.174,4.133,4.17
2026-01-16,1768521600,4.17,4.232,4.163,4.224
2026-01-19,1768780800,4.226,4.226,4.226,4.226
2026-01-20,1768867200,4.226,4.31,4.226,4.294
2026-01-21,1768953600,4.294,4.298,4.246,4.246
2026-01-22,1769040000,4.246,4.274,4.234,4.248
2026-01-23,1769126400,4.246,4.262,4.226,4.226
2026-01-26,1769385600,4.212,4.228,4.2,4.214
2026-01-27,1769472000,4.214,4.248,4.206,4.246
2026-01-28,1769558400,4.246,4.272,4.226,4.246
2026-01-29,1769644800,4.242,4.27,4.222,4.234
2026-01-30,1769731200,4.234,4.278,4.232,4.24
2026-02-02,1769990400,4.246,4.282,4.211,4.28
2026-02-03,1770076800,4.282,4.298,4.262,4.266
2026-02-04,1770163200,4.266,4.287,4.263,4.277
2026-02-05,1770249600,4.277,4.281,4.183,4.183
2026-02-06,1770336000,4.183,4.223,4.155,4.209
2026-02-09,1770595200,4.219,4.247,4.195,4.203
2026-02-10,1770681600,4.201,4.203,4.136,4.146
2026-02-11,1770768000,4.146,4.205,4.124,4.173
2026-02-12,1770854400,4.171,4.188,4.097,4.101
2026-02-13,1770940800,4.099,4.124,4.045,4.047
2026-02-16,1771200000,4.051,4.051,4.051,4.051
2026-02-17,1771286400,4.051,4.059,4.017,4.059
2026-02-18,1771372800,4.061,4.087,4.047,4.084
2026-02-19,1771459200,4.086,4.107,4.066,4.07
2026-02-20,1771545600,4.07,4.103,4.057,4.084
2026-02-23,1771804800,4.082,4.082,4.017,4.032
2026-02-24,1771891200,4.034,4.047,4.024,4.032
2026-02-25,1771977600,4.032,4.059,4.03,4.055
2026-02-26,1772064000,4.055,4.057,4.005,4.005
2026-02-27,1772150400,4.009,4.009,3.944,3.944
2026-03-02,1772409600,3.929,4.066,3.925,4.037
2026-03-03,1772496000,4.037,4.116,4.032,4.06
2026-03-04,1772582400,4.064,4.099,4.043,4.099
2026-03-05,1772668800,4.097,4.147,4.091,4.137
2026-03-06,1772755200,4.139,4.184,4.104,4.139
2026-03-09,1773014400,4.209,4.215,4.093,4.097
2026-03-10,1773100800,4.097,4.159,4.085,4.159
2026-03-11,1773187200,4.159,4.233,4.137,4.233
2026-03-12,1773273600,4.233,4.276,4.209,4.264
2026-03-13,1773360000,4.264,4.289,4.233,4.276
2026-03-16,1773619200,4.26,4.272,4.217,4.221
2026-03-17,1773705600,4.221,4.248,4.19,4.201
2026-03-18,1773792000,4.201,4.268,4.168,4.268
2026-03-19,1773878400,4.27,4.327,4.237,4.252
2026-03-20,1773964800,4.248,4.406,4.248,4.381
2026-03-23,1774224000,4.399,4.444,4.307,4.345
2026-03-24,1774310400,4.347,4.426,4.339,4.365
2026-03-25,1774396800,4.367,4.367,4.307,4.335
2026-03-26,1774483200,4.331,4.427,4.331,4.415
2026-03-27,1774569600,4.417,4.483,4.403,4.427
2026-03-30,1774828800,4.417,4.423,4.323,4.351
2026-03-31,1774915200,4.353,4.359,4.284,4.322
2026-04-01,1775001600,4.318,4.333,4.26,4.32
2026-04-02,1775088000,4.322,4.385,4.288,4.308
2026-04-03,1775174400,4.306,4.361,4.29,4.346
2026-04-06,1775433600,4.359,4.367,4.316,4.332
2026-04-07,1775520000,4.334,4.379,4.296,4.296
2026-04-08,1775606400,4.294,4.304,4.229,4.292
2026-04-09,1775692800,4.296,4.32,4.259,4.276
2026-04-10,1775779200,4.282,4.322,4.274,4.32
2026-04-13,1776038400,4.356,4.362,4.288,4.294
2026-04-14,1776124800,4.292,4.304,4.245,4.251
2026-04-15,1776211200,4.247,4.292,4.237,4.286
2026-04-16,1776297600,4.286,4.316,4.263,4.314
2026-04-17,1776384000,4.314,4.322,4.225,4.249
2026-04-20,1776643200,4.281,4.281,4.243,4.253
2026-04-21,1776729600,4.253,4.316,4.237,4.295
2026-04-22,1776816000,4.293,4.308,4.263,4.304
2026-04-23,1776902400,4.304,4.348,4.285,4.326
2026-04-24,1776988800,4.326,4.352,4.301,4.303
2026-04-27,1777248000,4.329,4.348,4.305,4.343
2026-04-28,1777334400,4.343,4.377,4.333,4.347
2026-04-29,1777420800,4.349,4.528,4.343,4.433
2026-04-30,1777507200,4.431,4.435,4.369,4.373
2026-05-01,1777593600,4.373,4.401,4.341,4.373
2026-05-04,1777852800,4.383,4.461,4.381,4.437
2026-05-05,1777939200,4.437,4.441,4.405,4.425
2026-05-06,1778025600,4.423,4.425,4.333,4.349
2026-05-07,1778112000,4.347,4.399,4.315,4.387
2026-05-08,1778198400,4.385,4.393,4.345,4.353
2026-05-11,1778457600,4.385,4.413,4.377,4.413
2026-05-12,1778544000,4.413,4.466,4.411,4.464
2026-05-13,1778630400,4.466,4.499,4.456,4.468
2026-05-14,1778716800,4.472,4.487,4.436,4.482
2026-05-15,1778803200,4.484,4.602,4.482,4.594
2026-05-18,1779062400,4.598,4.63,4.563,4.586
2026-05-19,1779148800,4.586,4.686,4.584,4.666
2026-05-20,1779235200,4.668,4.682,4.559,4.586
2026-05-21,1779321600,4.59,4.634,4.555,4.573
2026-05-22,1779408000,4.571,4.583,4.527,4.555
2026-05-25,1779667200,4.555,4.555,4.555,4.555
2026-05-26,1779753600,4.555,4.555,4.474,4.488
2026-05-27,1779840000,4.486,4.49,4.448,4.484
2026-05-28,1779926400,4.484,4.531,4.434,4.448
2026-05-29,1780012800,4.448,4.462,4.425,4.436
2026-06-01,1780272000,4.464,4.515,4.444,4.456
2026-06-02,1780358400,4.452,4.462,4.421,4.446
2026-06-03,1780444800,4.444,4.502,4.436,4.496
2026-06-04,1780531200,4.492,4.494,4.448,4.476
2026-06-05,1780617600,4.474,4.551,4.458,4.531
2026-06-08,1780876800,4.543,4.579,4.515,4.565
2026-06-09,1780963200,4.563,4.579,4.515,4.519
2026-06-10,1781049600,4.519,4.559,4.512,4.555
2026-06-11,1781136000,4.553,4.567,4.446,4.46
2026-06-12,1781222400,4.464,4.504,4.436,4.48
2026-06-15,1781481600,4.429,4.476,4.421,4.476
2026-06-16,1781568000,4.476,4.48,4.419,4.442
2026-06-17,1781654400,4.442,4.5,4.425,4.488
2026-06-18,1781740800,4.49,4.49,4.421,4.456
2026-06-19,1781827200,4.456,4.456,4.454,4.454
