date,timestamp,open,high,low,close
2017-09-22,1506038400,1.443,1.447,1.426,1.435
2017-09-25,1506297600,1.435,1.448,1.419,1.427
2017-09-26,1506384000,1.427,1.456,1.423,1.44
2017-09-27,1506470400,1.44,1.483,1.44,1.475
2017-09-28,1506556800,1.475,1.499,1.455,1.455
2017-09-29,1506643200,1.455,1.491,1.451,1.487
2017-10-02,1506902400,1.491,1.507,1.483,1.487
2017-10-03,1506988800,1.487,1.495,1.471,1.475
2017-10-04,1507075200,1.475,1.487,1.459,1.475
2017-10-05,1507161600,1.475,1.499,1.475,1.491
2017-10-06,1507248000,1.491,1.528,1.491,1.508
2017-10-09,1507507200,1.508,1.508,1.508,1.508
2017-10-10,1507593600,1.508,1.516,1.5,1.516
2017-10-11,1507680000,1.516,1.525,1.508,1.525
2017-10-12,1507766400,1.525,1.525,1.509,1.517
2017-10-13,1507852800,1.517,1.534,1.489,1.497
2017-10-16,1508112000,1.497,1.546,1.497,1.542
2017-10-17,1508198400,1.542,1.559,1.534,1.55
2017-10-18,1508284800,1.55,1.571,1.55,1.567
2017-10-19,1508371200,1.567,1.567,1.534,1.534
2017-10-20,1508457600,1.534,1.585,1.534,1.58
2017-10-23,1508716800,1.576,1.589,1.56,1.568
2017-10-24,1508803200,1.568,1.589,1.564,1.585
2017-10-25,1508889600,1.585,1.623,1.585,1.599
2017-10-26,1508976000,1.599,1.623,1.587,1.623
2017-10-27,1509062400,1.623,1.639,1.587,1.591
2017-10-30,1509321600,1.595,1.6,1.576,1.58
2017-10-31,1509408000,1.576,1.604,1.572,1.604
2017-11-01,1509494400,1.6,1.628,1.6,1.616
2017-11-02,1509580800,1.616,1.62,1.6,1.612
2017-11-03,1509667200,1.612,1.637,1.592,1.617
2017-11-06,1509926400,1.617,1.629,1.609,1.625
2017-11-07,1510012800,1.625,1.633,1.621,1.633
2017-11-08,1510099200,1.633,1.649,1.629,1.649
2017-11-09,1510185600,1.649,1.658,1.633,1.641
2017-11-10,1510272000,1.637,1.662,1.633,1.658
2017-11-13,1510531200,1.658,1.687,1.65,1.683
2017-11-14,1510617600,1.687,1.699,1.683,1.691
2017-11-15,1510704000,1.691,1.7,1.663,1.688
2017-11-16,1510790400,1.688,1.716,1.688,1.712
2017-11-17,1510876800,1.712,1.73,1.708,1.726
2017-11-20,1511136000,1.726,1.755,1.713,1.755
2017-11-21,1511222400,1.759,1.78,1.75,1.772
2017-11-22,1511308800,1.772,1.772,1.727,1.731
2017-11-23,1511395200,1.731,1.731,1.727,1.727
2017-11-24,1511481600,1.727,1.756,1.727,1.748
2017-11-27,1511740800,1.748,1.765,1.748,1.749
2017-11-28,1511827200,1.749,1.762,1.738,1.75
2017-11-29,1511913600,1.75,1.778,1.75,1.766
2017-11-30,1512000000,1.766,1.798,1.762,1.786
2017-12-01,1512086400,1.786,1.814,1.75,1.778
2017-12-04,1512345600,1.778,1.814,1.778,1.81
2017-12-05,1512432000,1.81,1.839,1.81,1.822
2017-12-06,1512518400,1.822,1.827,1.794,1.81
2017-12-07,1512604800,1.81,1.819,1.798,1.806
2017-12-08,1512691200,1.806,1.823,1.79,1.798
2017-12-11,1512950400,1.798,1.823,1.782,1.823
2017-12-12,1513036800,1.823,1.847,1.819,1.831
2017-12-13,1513123200,1.831,1.852,1.778,1.778
2017-12-14,1513209600,1.778,1.827,1.778,1.815
2017-12-15,1513296000,1.815,1.852,1.815,1.84
2017-12-18,1513555200,1.84,1.857,1.828,1.832
2017-12-19,1513641600,1.832,1.861,1.832,1.857
2017-12-20,1513728000,1.857,1.873,1.848,1.861
2017-12-21,1513814400,1.861,1.882,1.849,1.882
2017-12-22,1513900800,1.882,1.899,1.874,1.895
2017-12-25,1514160000,1.895,1.895,1.895,1.895
2017-12-26,1514246400,1.895,1.916,1.895,1.903
2017-12-27,1514332800,1.903,1.927,1.895,1.895
2017-12-28,1514419200,1.895,1.911,1.895,1.911
2017-12-29,1514505600,1.911,1.911,1.883,1.887
2018-01-01,1514764800,1.887,1.887,1.887,1.887
2018-01-02,1514851200,1.887,1.927,1.887,1.923
2018-01-03,1514937600,1.923,1.939,1.915,1.935
2018-01-04,1515024000,1.935,1.976,1.931,1.956
2018-01-05,1515110400,1.956,1.968,1.94,1.964
2018-01-08,1515369600,1.964,1.972,1.952,1.96
2018-01-09,1515456000,1.96,1.968,1.948,1.964
2018-01-10,1515542400,1.964,1.985,1.964,1.976
2018-01-11,1515628800,1.972,1.989,1.968,1.981
2018-01-12,1515715200,1.981,2.014,1.981,2.002
2018-01-15,1515974400,2.002,2.002,2.002,2.002
2018-01-16,1516060800,2.002,2.026,1.994,2.018
2018-01-17,1516147200,2.018,2.051,2.014,2.047
2018-01-18,1516233600,2.047,2.06,2.043,2.047
2018-01-19,1516320000,2.047,2.073,2.043,2.069
2018-01-22,1516579200,2.069,2.082,2.061,2.065
2018-01-23,1516665600,2.065,2.069,2.04,2.045
2018-01-24,1516752000,2.045,2.084,2.04,2.08
2018-01-25,1516838400,2.08,2.104,2.068,2.088
2018-01-26,1516924800,2.088,2.132,2.088,2.12
2018-01-29,1517184000,2.12,2.16,2.116,2.12
2018-01-30,1517270400,2.12,2.136,2.108,2.128
2018-01-31,1517356800,2.128,2.165,2.104,2.145
2018-02-01,1517443200,2.145,2.173,2.141,2.165
2018-02-02,1517529600,2.165,2.186,2.137,2.145
2018-02-05,1517788800,2.145,2.154,2.024,2.028
2018-02-06,1517875200,2.032,2.113,1.948,2.109
2018-02-07,1517961600,2.109,2.15,2.073,2.126
2018-02-08,1518048000,2.126,2.15,2.105,2.105
2018-02-09,1518134400,2.11,2.138,2.004,2.077
2018-02-12,1518393600,2.073,2.139,2.049,2.081
2018-02-13,1518480000,2.081,2.114,2.065,2.106
2018-02-14,1518566400,2.106,2.176,2.094,2.168
2018-02-15,1518652800,2.168,2.213,2.168,2.188
2018-02-16,1518739200,2.188,2.21,2.185,2.194
2018-02-19,1518998400,2.194,2.194,2.194,2.194
2018-02-20,1519084800,2.194,2.248,2.194,2.223
2018-02-21,1519171200,2.223,2.282,2.223,2.27
2018-02-22,1519257600,2.27,2.274,2.25,2.25
2018-02-23,1519344000,2.25,2.258,2.226,2.242
2018-02-26,1519603200,2.242,2.25,2.214,2.218
2018-02-28,1519776000,2.266,2.286,2.254,2.254
2018-03-01,1519862400,2.254,2.27,2.202,2.214
2018-03-02,1519948800,2.214,2.246,2.197,2.246
2018-03-05,1520208000,2.246,2.254,2.205,2.242
2018-03-06,1520294400,2.242,2.258,2.225,2.254
2018-03-07,1520380800,2.254,2.262,2.221,2.254
2018-03-08,1520467200,2.254,2.266,2.242,2.254
2018-03-09,1520553600,2.254,2.287,2.25,2.262
2018-03-12,1520812800,2.262,2.2743000984192,2.262,2.266
2018-03-13,1520899200,2.266,2.274,2.242,2.258
2018-03-14,1520985600,2.258,2.291,2.246,2.262
2018-03-15,1521072000,2.262,2.291,2.25,2.287
2018-03-16,1521158400,2.291,2.299,2.279,2.295
2018-03-19,1521417600,2.295000076294,2.3032999038696,2.295000076294,2.3032999038696
2018-03-20,1521504000,2.3069999217987,2.3199999332428,2.2869999408722,2.3120000362396
2018-03-21,1521590400,2.349,2.366,2.299,2.308
2018-03-22,1521676800,2.308,2.32,2.258,2.283
2018-03-23,1521763200,2.283,2.291,2.254,2.258
2018-03-26,1522022400,2.258,2.295,2.258,2.275
2018-03-27,1522108800,2.275,2.31,2.262,2.266
2018-03-28,1522195200,2.266,2.302,2.246,2.286
2018-03-29,1522281600,2.29,2.294,2.266,2.27
2018-03-30,1522368000,2.27,2.27,2.27,2.27
2018-04-02,1522627200,2.27,2.29,2.234,2.25
2018-04-03,1522713600,2.25,2.286,2.25,2.282
2018-04-04,1522800000,2.278,2.303,2.254,2.294
2018-04-05,1522886400,2.294,2.311,2.294,2.307
2018-04-06,1522972800,2.3066000938416,2.311,2.266,2.27
2018-04-09,1523232000,2.27,2.299,2.27,2.282
2018-04-10,1523318400,2.282,2.323,2.282,2.311
2018-04-11,1523404800,2.311,2.319,2.283,2.311
2018-04-12,1523491200,2.311,2.356,2.303,2.352
2018-04-13,1523577600,2.352,2.373,2.336,2.361
2018-04-16,1523836800,2.361,2.394,2.361,2.381
2018-04-17,1523923200,2.377,2.402,2.377,2.398
2018-04-18,1524009600,2.394,2.436,2.394,2.431
2018-04-19,1524096000,2.431,2.44,2.423,2.432
2018-04-20,1524182400,2.436,2.462,2.428,2.462
2018-04-23,1524441600,2.461,2.483,2.458,2.483
2018-04-24,1524528000,2.483,2.5,2.462,2.479
2018-04-25,1524614400,2.479,2.508,2.475,2.492
2018-04-26,1524700800,2.492,2.496,2.472,2.484
2018-04-27,1524787200,2.484,2.5,2.476,2.488
2018-04-30,1525046400,2.484,2.496,2.484,2.492
2018-05-01,1525132800,2.492,2.516,2.492,2.508
2018-05-02,1525219200,2.508,2.521,2.488,2.492
2018-05-03,1525305600,2.488,2.492,2.468,2.48
2018-05-04,1525392000,2.48,2.505,2.46,2.501
2018-05-07,1525651200,2.505,2.509,2.493,2.501
2018-05-08,1525737600,2.501,2.518,2.497,2.514
2018-05-09,1525824000,2.514,2.534,2.509,2.534
2018-05-10,1525910400,2.534,2.542,2.502,2.534
2018-05-11,1525996800,2.534,2.543,2.531,2.539
2018-05-14,1526256000,2.539,2.552,2.531,2.552
2018-05-15,1526342400,2.552,2.589,2.547,2.577
2018-05-16,1526428800,2.581,2.593,2.572,2.589
2018-05-17,1526515200,2.589,2.598,2.569,2.569
2018-05-18,1526601600,2.569,2.577,2.541,2.549
2018-05-21,1526860800,2.549,2.578,2.549,2.57
2018-05-22,1526947200,2.57,2.583,2.566,2.57
2018-05-23,1527033600,2.57,2.597,2.528,2.532
2018-05-24,1527120000,2.532,2.532,2.488,2.512
2018-05-25,1527206400,2.512,2.524,2.476,2.48
2018-05-28,1527465600,2.48,2.48,2.48,2.48
2018-05-29,1527552000,2.48,2.48,2.311,2.323
2018-05-30,1527638400,2.319,2.424,2.291,2.416
2018-05-31,1527724800,2.416,2.447,2.403,2.432
2018-06-01,1527811200,2.432,2.492,2.427,2.476
2018-06-04,1528070400,2.472,2.52,2.472,2.52
2018-06-05,1528156800,2.52,2.52,2.475,2.496
2018-06-06,1528243200,2.496,2.524,2.496,2.52
2018-06-07,1528329600,2.52,2.532,2.451,2.488
2018-06-08,1528416000,2.488,2.512,2.463,2.504
2018-06-11,1528675200,2.5,2.533,2.5,2.524
2018-06-12,1528761600,2.524,2.549,2.516,2.541
2018-06-13,1528848000,2.541,2.603,2.537,2.57
2018-06-14,1528934400,2.57,2.582,2.549,2.566
2018-06-15,1529020800,2.566,2.57,2.541,2.549
2018-06-18,1529280000,2.553,2.558,2.537,2.553
2018-06-19,1529366400,2.553,2.553,2.495,2.549
2018-06-20,1529452800,2.549,2.57,2.533,2.57
2018-06-21,1529539200,2.57,2.574,2.537,2.541
2018-06-22,1529625600,2.541,2.562,2.537,2.545
2018-06-25,1529884800,2.545,2.55,2.525,2.537
2018-06-26,1529971200,2.537,2.55,2.525,2.537
2018-06-27,1530057600,2.537,2.544,2.504,2.508
2018-06-28,1530144000,2.508,2.524,2.496,2.512
2018-06-29,1530230400,2.516,2.536,2.512,2.532
2018-07-02,1530489600,2.532,2.557,2.508,2.553
2018-07-03,1530576000,2.553,2.561,2.528,2.532
2018-07-04,1530662400,2.532,2.532,2.532,2.532
2018-07-05,1530748800,2.532,2.565,2.532,2.553
2018-07-06,1530835200,2.553,2.561,2.528,2.541
2018-07-09,1531094400,2.541,2.569,2.541,2.561
2018-07-10,1531180800,2.561,2.594,2.561,2.573
2018-07-11,1531267200,2.569,2.594,2.549,2.582
2018-07-12,1531353600,2.586,2.602,2.574,2.59
2018-07-13,1531440000,2.59,2.599,2.578,2.582
2018-07-16,1531699200,2.582,2.611,2.582,2.599
2018-07-17,1531785600,2.599,2.619,2.595,2.619
2018-07-18,1531872000,2.619,2.624,2.607,2.611
2018-07-19,1531958400,2.611,2.632,2.582,2.595
2018-07-20,1532044800,2.595,2.607,2.587,2.595
2018-07-23,1532304000,2.595,2.637,2.587,2.633
2018-07-24,1532390400,2.633,2.646,2.62,2.637
2018-07-25,1532476800,2.637,2.678,2.637,2.673
2018-07-26,1532563200,2.673,2.69,2.661,2.686
2018-07-27,1532649600,2.686,2.69,2.673,2.673
2018-07-30,1532908800,2.678,2.686,2.665,2.665
2018-07-31,1532995200,2.665,2.678,2.649,2.674
2018-08-01,1533081600,2.674,2.686,2.665,2.682
2018-08-02,1533168000,2.682,2.686,2.661,2.665
2018-08-03,1533254400,2.665,2.678,2.645,2.649
2018-08-06,1533513600,2.645,2.657,2.641,2.649
2018-08-07,1533600000,2.649,2.678,2.645,2.674
2018-08-08,1533686400,2.674,2.678,2.662,2.674
2018-08-09,1533772800,2.674,2.674,2.649,2.649
2018-08-10,1533859200,2.649,2.654,2.596,2.608
2018-08-13,1534118400,2.608,2.625,2.588,2.616
2018-08-14,1534204800,2.616,2.641,2.612,2.641
2018-08-15,1534291200,2.641,2.641,2.592,2.612
2018-08-16,1534377600,2.608,2.633,2.608,2.62
2018-08-17,1534464000,2.62,2.625,2.608,2.608
2018-08-20,1534723200,2.608,2.616,2.587,2.587
2018-08-21,1534809600,2.587,2.612,2.587,2.6
2018-08-22,1534896000,2.6,2.608,2.587,2.595
2018-08-23,1534982400,2.595,2.62,2.595,2.62
2018-08-24,1535068800,2.62,2.641,2.62,2.624
2018-08-27,1535328000,2.624,2.65,2.624,2.645
2018-08-28,1535414400,2.645,2.673,2.645,2.669
2018-08-29,1535500800,2.669,2.678,2.657,2.678
2018-08-30,1535587200,2.678,2.678,2.649,2.653
2018-08-31,1535673600,2.653,2.657,2.629,2.629
2018-09-03,1535932800,2.629,2.629,2.629,2.629
2018-09-04,1536019200,2.629,2.662,2.629,2.657
2018-09-05,1536105600,2.657,2.666,2.645,2.653
2018-09-06,1536192000,2.653,2.657,2.633,2.637
2018-09-07,1536278400,2.637,2.711,2.633,2.707
2018-09-10,1536537600,2.707,2.715,2.699,2.715
2018-09-11,1536624000,2.715,2.752,2.715,2.748
2018-09-12,1536710400,2.748,2.752,2.736,2.752
2018-09-13,1536796800,2.756,2.761,2.752,2.761
2018-09-14,1536883200,2.761,2.786,2.752,2.782
2018-09-17,1537142400,2.782,2.799,2.774,2.782
2018-09-18,1537228800,2.782,2.811,2.769,2.803
2018-09-19,1537315200,2.803,2.816,2.795,2.795
2018-09-20,1537401600,2.795,2.82,2.791,2.808
2018-09-21,1537488000,2.808,2.825,2.804,2.804
2018-09-24,1537747200,2.804,2.842,2.8,2.821
2018-09-25,1537833600,2.821,2.847,2.821,2.843
2018-09-26,1537920000,2.843,2.843,2.819,2.819
2018-09-27,1538006400,2.819,2.839,2.807,2.831
2018-09-28,1538092800,2.827,2.831,2.811,2.823
2018-10-01,1538352000,2.823,2.839,2.819,2.823
2018-10-02,1538438400,2.823,2.827,2.799,2.815
2018-10-03,1538524800,2.815,2.876,2.807,2.876
2018-10-04,1538611200,2.876,2.905,2.872,2.872
2018-10-05,1538697600,2.872,2.901,2.872,2.889
2018-10-08,1538956800,2.889,2.889,2.889,2.889
2018-10-09,1539043200,2.889,2.893,2.873,2.889
2018-10-10,1539129600,2.889,2.906,2.844,2.848
2018-10-11,1539216000,2.844,2.873,2.828,2.853
2018-10-12,1539302400,2.848,2.878,2.832,2.857
2018-10-15,1539561600,2.857,2.861,2.841,2.861
2018-10-16,1539648000,2.857,2.874,2.857,2.87
2018-10-17,1539734400,2.87,2.895,2.861,2.891
2018-10-18,1539820800,2.895,2.907,2.862,2.878
2018-10-19,1539907200,2.874,2.912,2.874,2.908
2018-10-22,1540166400,2.908,2.917,2.9,2.912
2018-10-23,1540252800,2.912,2.912,2.858,2.883
2018-10-24,1540339200,2.899,2.899,2.83,2.835
2018-10-25,1540425600,2.843,2.871,2.83,2.851
2018-10-26,1540512000,2.855,2.855,2.782,2.81
2018-10-29,1540771200,2.814,2.839,2.802,2.822
2018-10-30,1540857600,2.822,2.855,2.818,2.855
2018-10-31,1540944000,2.851,2.883,2.851,2.871
2018-11-01,1541030400,2.871,2.879,2.846,2.846
2018-11-02,1541116800,2.851,2.916,2.851,2.908
2018-11-05,1541376000,2.903,2.912,2.891,2.912
2018-11-06,1541462400,2.916,2.936,2.903,2.932
2018-11-07,1541548800,2.936,2.969,2.912,2.961
2018-11-08,1541635200,2.965,2.977,2.949,2.969
2018-11-09,1541721600,2.973,2.973,2.928,2.928
2018-11-13,1542067200,2.895,2.908,2.891,2.895
2018-11-14,1542153600,2.895,2.908,2.842,2.87
2018-11-15,1542240000,2.866,2.879,2.833,2.858
2018-11-16,1542326400,2.858,2.87,2.804,2.804
2018-11-19,1542585600,2.796,2.825,2.775,2.791
2018-11-20,1542672000,2.791,2.808,2.783,2.808
2018-11-21,1542758400,2.804,2.829,2.804,2.816
2018-11-23,1542931200,2.816,2.824,2.803,2.816
2018-11-26,1543190400,2.812,2.845,2.812,2.837
2018-11-27,1543276800,2.837,2.839,2.819,2.835
2018-11-28,1543363200,2.835,2.843,2.803,2.811
2018-11-29,1543449600,2.813,2.813,2.774,2.811
2018-11-30,1543536000,2.809,2.821,2.797,2.797
2018-12-03,1543795200,2.833,2.844,2.813,2.823
2018-12-04,1543881600,2.821,2.837,2.795,2.797
2018-12-05,1543968000,2.799,2.799,2.799,2.799
2018-12-06,1544054400,2.803,2.809,2.697,2.762
2018-12-07,1544140800,2.768,2.772,2.709,2.713
2018-12-10,1544400000,2.696,2.735,2.688,2.731
2018-12-11,1544486400,2.733,2.779,2.719,2.766
2018-12-12,1544572800,2.768,2.783,2.76,2.772
2018-12-13,1544659200,2.77,2.774,2.756,2.762
2018-12-14,1544745600,2.766,2.766,2.719,2.735
2018-12-17,1545004800,2.737,2.743,2.685,2.696
2018-12-18,1545091200,2.696,2.698,2.646,2.646
2018-12-19,1545177600,2.65,2.681,2.63,2.648
2018-12-20,1545264000,2.646,2.675,2.646,2.673
2018-12-21,1545350400,2.671,2.685,2.633,2.643
2018-12-24,1545609600,2.635,2.655,2.559,2.561
2018-12-26,1545782400,2.583,2.625,2.542,2.619
2018-12-27,1545868800,2.621,2.621,2.544,2.564
2018-12-28,1545955200,2.567,2.583,2.518,2.52
2018-12-31,1546214400,2.518,2.534,2.492,2.496
2019-01-02,1546387200,2.496,2.522,2.472,2.472
2019-01-03,1546473600,2.478,2.508,2.377,2.381
2019-01-04,1546560000,2.379,2.5,2.379,2.496
2019-01-07,1546819200,2.504,2.545,2.473,2.545
2019-01-08,1546905600,2.541,2.59,2.534,2.59
2019-01-09,1546992000,2.588,2.598,2.549,2.555
2019-01-10,1547078400,2.555,2.578,2.52,2.578
2019-01-11,1547164800,2.578,2.578,2.53,2.547
2019-01-14,1547424000,2.543,2.555,2.51,2.539
2019-01-15,1547510400,2.539,2.551,2.512,2.539
2019-01-16,1547596800,2.535,2.564,2.533,2.543
2019-01-17,1547683200,2.545,2.576,2.522,2.566
2019-01-18,1547769600,2.57,2.618,2.562,2.618
2019-01-22,1548115200,2.601,2.601,2.572,2.589
2019-01-23,1548201600,2.589,2.608,2.575,2.587
2019-01-24,1548288000,2.589,2.589,2.552,2.566
2019-01-25,1548374400,2.566,2.608,2.564,2.608
2019-01-28,1548633600,2.606,2.617,2.581,2.592
2019-01-29,1548720000,2.592,2.629,2.568,2.575
2019-01-30,1548806400,2.573,2.589,2.506,2.51
2019-01-31,1548892800,2.51,2.516,2.454,2.46
2019-02-01,1548979200,2.464,2.524,2.459,2.508
2019-02-04,1549238400,2.514,2.541,2.508,2.538
2019-02-05,1549324800,2.538,2.547,2.516,2.526
2019-02-06,1549411200,2.528,2.53,2.502,2.528
2019-02-07,1549497600,2.528,2.528,2.479,2.482
2019-02-08,1549584000,2.483,2.486,2.451,2.469
2019-02-11,1549843200,2.467,2.498,2.467,2.487
2019-02-12,1549929600,2.487,2.512,2.485,2.508
2019-02-13,1550016000,2.504,2.541,2.504,2.535
2019-02-14,1550102400,2.537,2.541,2.485,2.5
2019-02-15,1550188800,2.496,2.52,2.493,2.518
2019-02-19,1550534400,2.516,2.522,2.489,2.491
2019-02-20,1550620800,2.493,2.504,2.483,2.504
2019-02-21,1550707200,2.5,2.533,2.498,2.531
2019-02-22,1550793600,2.531,2.531,2.481,2.497
2019-02-25,1551052800,2.504,2.516,2.499,2.508
2019-02-26,1551139200,2.51,2.51,2.48,2.484
2019-02-27,1551225600,2.484,2.514,2.476,2.5
2019-02-28,1551312000,2.5,2.532,2.478,2.516
2019-03-01,1551398400,2.518,2.561,2.514,2.557
2019-03-04,1551657600,2.567,2.569,2.536,2.542
2019-03-05,1551744000,2.542,2.567,2.542,2.549
2019-03-06,1551830400,2.547,2.547,2.51,2.518
2019-03-07,1551916800,2.516,2.518,2.469,2.475
2019-03-08,1552003200,2.475,2.479,2.451,2.465
2019-03-11,1552262400,2.465,2.483,2.461,2.477
2019-03-12,1552348800,2.479,2.506,2.449,2.455
2019-03-13,1552435200,2.453,2.469,2.448,2.469
2019-03-14,1552521600,2.467,2.475,2.45,2.465
2019-03-15,1552608000,2.463,2.471,2.432,2.44
2019-03-18,1552867200,2.446,2.46,2.434,2.454
2019-03-19,1552953600,2.454,2.475,2.444,2.473
2019-03-20,1553040000,2.475,2.475,2.386,2.4
2019-03-21,1553126400,2.398,2.413,2.379,2.41
2019-03-22,1553212800,2.41,2.41,2.304,2.304
2019-03-25,1553472000,2.325,2.337,2.227,2.246
2019-03-26,1553558400,2.25,2.299,2.25,2.268
2019-03-27,1553644800,2.27,2.27,2.168,2.204
2019-03-28,1553731200,2.21,2.242,2.182,2.24
2019-03-29,1553817600,2.232,2.286,2.232,2.264
2019-04-01,1554076800,2.284,2.339,2.284,2.335
2019-04-02,1554163200,2.337,2.337,2.296,2.304
2019-04-03,1554249600,2.302,2.341,2.3,2.341
2019-04-04,1554336000,2.341,2.341,2.313,2.339
2019-04-05,1554422400,2.341,2.364,2.335,2.343
2019-04-08,1554681600,2.345,2.364,2.325,2.364
2019-04-09,1554768000,2.36,2.362,2.331,2.352
2019-04-10,1554854400,2.35,2.35,2.313,2.323
2019-04-11,1554940800,2.321,2.358,2.321,2.356
2019-04-12,1555027200,2.358,2.397,2.352,2.396
2019-04-15,1555286400,2.389,2.406,2.389,2.394
2019-04-16,1555372800,2.394,2.417,2.387,2.414
2019-04-17,1555459200,2.41,2.425,2.396,2.402
2019-04-18,1555545600,2.404,2.404,2.376,2.38
2019-04-22,1555891200,2.376,2.391,2.374,2.389
2019-04-23,1555977600,2.387,2.395,2.36,2.366
2019-04-24,1556064000,2.364,2.364,2.312,2.32
2019-04-25,1556150400,2.32,2.334,2.31,2.334
2019-04-26,1556236800,2.332,2.332,2.278,2.284
2019-04-29,1556496000,2.286,2.306,2.282,2.294
2019-04-30,1556582400,2.294,2.31,2.266,2.268
2019-05-01,1556668800,2.266,2.314,2.21,2.306
2019-05-02,1556755200,2.308,2.347,2.308,2.347
2019-05-03,1556841600,2.347,2.363,2.319,2.335
2019-05-06,1557100800,2.335,2.347,2.28,2.295
2019-05-07,1557187200,2.309,2.311,2.276,2.288
2019-05-08,1557273600,2.282,2.305,2.254,2.299
2019-05-09,1557360000,2.301,2.301,2.233,2.262
2019-05-10,1557446400,2.266,2.282,2.231,2.27
2019-05-13,1557705600,2.236,2.237,2.174,2.191
2019-05-14,1557792000,2.191,2.209,2.176,2.199
2019-05-15,1557878400,2.201,2.209,2.141,2.162
2019-05-16,1557964800,2.164,2.209,2.151,2.194
2019-05-17,1558051200,2.194,2.211,2.165,2.202
2019-05-20,1558310400,2.206,2.229,2.198,2.223
2019-05-21,1558396800,2.223,2.262,2.219,2.258
2019-05-22,1558483200,2.258,2.258,2.221,2.225
2019-05-23,1558569600,2.227,2.227,2.127,2.15
2019-05-24,1558656000,2.15,2.175,2.146,2.168
2019-05-28,1559001600,2.172,2.179,2.124,2.129
2019-05-29,1559088000,2.129,2.248,2.061,2.111
2019-05-30,1559174400,2.109,2.127,2.063,2.063
2019-05-31,1559260800,2.067,2.067,1.918,1.926
2019-06-03,1559520000,1.918,1.92,1.828,1.836
2019-06-04,1559606400,1.84,1.926,1.83,1.887
2019-06-05,1559692800,1.879,1.889,1.779,1.859
2019-06-06,1559779200,1.853,1.895,1.818,1.881
2019-06-07,1559865600,1.879,1.889,1.785,1.853
2019-06-11,1560211200,1.8999999761581,1.9079999923706,1.8669999837875,1.9079999923706
2019-06-12,1560297600,1.8949999809265,1.9420000314712,1.8910000324249,1.9299999475479
2019-06-13,1560384000,1.9190000295639,1.9279999732971,1.8700000047684,1.8830000162125
2019-06-14,1560470400,1.8890000581741,1.8910000324249,1.8170000314712,1.8339999914169
2019-06-15,1560556800,1.8259999752045,1.8789999485016,1.7979999780655,1.8450000286102
2019-06-17,1560729600,1.877,1.883,1.857,1.875
2019-06-18,1560816000,1.871,1.875,1.807,1.868
2019-06-19,1560902400,1.864,1.903,1.739,1.743
2019-06-20,1560988800,1.741,1.796,1.698,1.784
2019-06-21,1561075200,1.775,1.811,1.754,1.772
2019-06-24,1561334400,1.772,1.78,1.722,1.734
2019-06-25,1561420800,1.734,1.761,1.707,1.734
2019-06-26,1561507200,1.736,1.779,1.719,1.771
2019-06-27,1561593600,1.775,1.807,1.741,1.747
2019-06-28,1561680000,1.747,1.761,1.737,1.757
2019-07-01,1561939200,1.801,1.803,1.755,1.761
2019-07-02,1562025600,1.775,1.783,1.753,1.765
2019-07-03,1562112000,1.763,1.766,1.729,1.764
2019-07-05,1562284800,1.758,1.886,1.748,1.867
2019-07-08,1562544000,1.877,1.892,1.837,1.892
2019-07-09,1562630400,1.888,1.919,1.872,1.911
2019-07-10,1562716800,1.919,1.929,1.905,1.927
2019-07-11,1562803200,1.809,1.848,1.797,1.842
2019-07-12,1562889600,1.859,1.863,1.849,1.849
2019-07-15,1563148800,1.854,1.858,1.831,1.831
2019-07-16,1563235200,1.829,1.874,1.825,1.874
2019-07-17,1563321600,1.856,1.86,1.842,1.842
2019-07-18,1563408000,1.815,1.832,1.805,1.817
2019-07-19,1563494400,1.785,1.785,1.783,1.783
2019-07-22,1563753600,1.833,1.839,1.806,1.814
2019-07-23,1563840000,1.817,1.844,1.817,1.839
2019-07-24,1563926400,1.837,1.838,1.802,1.82
2019-07-25,1564012800,1.82,1.868,1.802,1.868
2019-07-26,1564099200,1.868,1.884,1.852,1.856
2019-07-29,1564358400,1.854,1.862,1.84,1.862
2019-07-30,1564444800,1.856,1.862,1.838,1.848
2019-07-31,1564531200,1.848,1.91,1.81,1.874
2019-08-01,1564617600,1.868,1.902,1.718,1.736
2019-08-02,1564704000,1.75,1.75,1.696,1.714
2019-08-05,1564963200,1.716,1.718,1.575,1.575
2019-08-06,1565049600,1.579,1.625,1.529,1.587
2019-08-07,1565136000,1.597,1.609,1.523,1.609
2019-08-08,1565222400,1.603,1.645,1.589,1.621
2019-08-09,1565308800,1.617,1.651,1.592,1.651
2019-08-12,1565568000,1.649,1.649,1.571,1.586
2019-08-13,1565654400,1.578,1.675,1.563,1.671
2019-08-14,1565740800,1.669,1.671,1.567,1.579
2019-08-15,1565827200,1.581,1.585,1.469,1.48
2019-08-16,1565913600,1.502,1.529,1.473,1.48
2019-08-19,1566172800,1.491,1.551,1.486,1.549
2019-08-20,1566259200,1.553,1.553,1.494,1.514
2019-08-21,1566345600,1.51,1.577,1.51,1.577
2019-08-22,1566432000,1.575,1.614,1.546,1.614
2019-08-23,1566518400,1.612,1.642,1.511,1.535
2019-08-26,1566777600,1.457,1.556,1.453,1.541
2019-08-27,1566864000,1.543,1.551,1.516,1.524
2019-08-28,1566950400,1.524,1.528,1.496,1.504
2019-08-29,1567036800,1.5,1.54,1.484,1.524
2019-08-30,1567123200,1.526,1.548,1.504,1.508
2019-09-03,1567468800,1.514,1.526,1.44,1.454
2019-09-04,1567555200,1.454,1.472,1.43,1.434
2019-09-05,1567641600,1.436,1.566,1.436,1.53
2019-09-06,1567728000,1.534,1.571,1.512,1.544
2019-09-09,1567987200,1.538,1.595,1.534,1.595
2019-09-10,1568073600,1.595,1.686,1.583,1.68
2019-09-11,1568160000,1.688,1.688,1.656,1.676
2019-09-12,1568246400,1.676,1.727,1.63,1.721
2019-09-13,1568332800,1.725,1.806,1.715,1.804
2019-09-16,1568592000,1.804,1.804,1.747,1.763
2019-09-17,1568678400,1.757,1.766,1.721,1.729
2019-09-18,1568764800,1.731,1.772,1.674,1.766
2019-09-19,1568851200,1.764,1.772,1.725,1.744
2019-09-20,1568937600,1.744,1.753,1.685,1.689
2019-09-23,1569196800,1.687,1.72,1.636,1.685
2019-09-24,1569283200,1.683,1.686,1.607,1.63
2019-09-25,1569369600,1.628,1.688,1.606,1.683
2019-09-26,1569456000,1.681,1.681,1.637,1.649
2019-10-04,1570147200,1.422,1.422,1.394,1.404
2019-10-07,1570406400,1.388,1.47,1.382,1.466
2019-10-08,1570492800,1.468,1.492,1.419,1.423
2019-10-09,1570579200,1.427,1.476,1.411,1.468
2019-10-10,1570665600,1.47,1.546,1.427,1.546
2019-10-11,1570752000,1.546,1.634,1.518,1.599
2019-10-15,1571097600,1.595,1.628,1.538,1.622
2019-10-16,1571184000,1.624,1.624,1.569,1.585
2019-10-17,1571270400,1.59,1.639,1.569,1.604
2019-10-18,1571356800,1.598,1.613,1.557,1.576
2019-10-21,1571616000,1.567,1.625,1.565,1.623
2019-10-22,1571702400,1.625,1.629,1.59,1.599
2019-10-23,1571788800,1.601,1.601,1.552,1.586
2019-10-24,1571875200,1.588,1.596,1.558,1.58
2019-10-25,1571961600,1.582,1.639,1.572,1.622
2019-10-28,1572220800,1.628,1.665,1.624,1.645
2019-10-29,1572307200,1.647,1.661,1.628,1.645
2019-10-30,1572393600,1.641,1.665,1.6,1.6
2019-10-31,1572480000,1.602,1.628,1.518,1.53
2019-11-01,1572566400,1.526,1.58,1.518,1.554
2019-11-04,1572825600,1.554,1.594,1.554,1.586
2019-11-08,1573171200,1.648,1.68,1.648,1.678
2019-11-12,1573516800,1.674,1.693,1.65,1.664
2019-11-13,1573603200,1.662,1.669,1.626,1.64
2019-11-14,1573689600,1.646,1.646,1.581,1.595
2019-11-15,1573776000,1.591,1.62,1.591,1.614
2019-11-18,1574035200,1.606,1.629,1.586,1.602
2019-11-19,1574121600,1.6,1.621,1.588,1.598
2019-11-20,1574208000,1.6,1.6,1.565,1.58
2019-11-21,1574294400,1.582,1.609,1.549,1.607
2019-11-22,1574380800,1.609,1.634,1.591,1.63
2019-11-25,1574640000,1.634,1.647,1.611,1.618
2019-11-26,1574726400,1.611,1.611,1.578,1.586
2019-11-27,1574812800,1.59,1.63,1.586,1.628
2019-11-28,1574899200,1.626,1.626,1.626,1.626
2019-11-29,1574985600,1.628,1.634,1.602,1.612
2019-12-02,1575244800,1.62,1.646,1.602,1.604
2019-12-03,1575331200,1.604,1.62,1.518,1.542
2019-12-04,1575417600,1.542,1.586,1.526,1.578
2019-12-05,1575504000,1.578,1.6,1.57,1.596
2019-12-06,1575590400,1.592,1.641,1.583,1.617
2019-12-09,1575849600,1.625,1.627,1.607,1.617
2019-12-10,1575936000,1.619,1.656,1.601,1.654
2019-12-11,1576022400,1.654,1.654,1.611,1.617
2019-12-12,1576108800,1.615,1.674,1.595,1.662
2019-12-13,1576195200,1.664,1.697,1.6,1.608
2019-12-16,1576454400,1.618,1.645,1.614,1.63
2019-12-17,1576540800,1.628,1.633,1.62,1.627
2019-12-18,1576627200,1.625,1.647,1.619,1.633
2019-12-19,1576713600,1.635,1.651,1.61,1.631
2019-12-20,1576800000,1.631,1.646,1.625,1.631
2019-12-23,1577059200,1.65,1.659,1.63,1.656
2019-12-24,1577145600,1.65,1.669,1.625,1.629
2019-12-26,1577318400,1.633,1.647,1.625,1.637
2019-12-27,1577404800,1.635,1.635,1.585,1.585
2019-12-30,1577664000,1.585,1.609,1.571,1.571
2019-12-31,1577750400,1.571,1.587,1.563,1.571
2020-01-02,1577923200,1.571,1.589,1.547,1.571
2020-01-03,1578009600,1.571,1.571,1.515,1.531
2020-01-06,1578268800,1.517,1.559,1.515,1.547
2020-01-07,1578355200,1.544,1.554,1.532,1.544
2020-01-08,1578441600,1.538,1.585,1.46,1.585
2020-01-09,1578528000,1.585,1.603,1.573,1.583
2020-01-10,1578614400,1.581,1.59,1.562,1.572
2020-01-13,1578873600,1.57,1.588,1.57,1.588
2020-01-14,1578960000,1.588,1.596,1.568,1.572
2020-01-15,1579046400,1.57,1.578,1.556,1.556
2020-01-16,1579132800,1.56,1.578,1.556,1.568
2020-01-17,1579219200,1.566,1.576,1.551,1.561
2020-01-21,1579564800,1.561,1.561,1.528,1.532
2020-01-22,1579651200,1.532,1.547,1.522,1.53
2020-01-23,1579737600,1.528,1.528,1.487,1.516
2020-01-24,1579824000,1.514,1.536,1.478,1.497
2020-01-27,1580083200,1.451,1.464,1.431,1.445
2020-01-28,1580169600,1.447,1.468,1.405,1.466
2020-01-29,1580256000,1.468,1.468,1.413,1.417
2020-01-30,1580342400,1.413,1.423,1.367,1.417
2020-01-31,1580428800,1.415,1.419,1.317,1.317
2020-02-03,1580688000,1.329,1.379,1.323,1.357
2020-02-04,1580774400,1.357,1.423,1.351,1.413
2020-02-05,1580860800,1.415,1.455,1.387,1.445
2020-02-06,1580947200,1.443,1.469,1.431,1.447
2020-02-07,1581033600,1.449,1.449,1.399,1.405
2020-02-10,1581292800,1.387,1.415,1.371,1.397
2020-02-11,1581379200,1.385,1.425,1.381,1.425
2020-02-12,1581465600,1.425,1.448,1.425,1.446
2020-02-13,1581552000,1.446,1.448,1.397,1.448
2020-02-14,1581638400,1.446,1.446,1.416,1.432
2020-02-18,1581984000,1.426,1.426,1.395,1.416
2020-02-19,1582070400,1.414,1.432,1.41,1.426
2020-02-20,1582156800,1.426,1.436,1.381,1.393
2020-02-21,1582243200,1.391,1.395,1.332,1.358
2020-02-24,1582502400,1.354,1.354,1.244,1.252
2020-02-25,1582588800,1.25,1.293,1.184,1.227
2020-02-26,1582675200,1.229,1.229,1.139,1.167
2020-02-27,1582761600,1.165,1.165,1.052,1.063
2020-02-28,1582848000,1.071,1.075,0.852,0.917
2020-03-02,1583107200,0.836,0.913,0.713,0.907
2020-03-03,1583193600,0.895,0.909,0.652,0.703
2020-03-04,1583280000,0.701,0.703,0.614,0.699
2020-03-05,1583366400,0.691,0.699,0.562,0.601
2020-03-06,1583452800,0.601,0.605,0.408,0.518
2020-03-09,1583712000,0.333,0.424,0.257,0.389
2020-03-10,1583798400,0.408,0.546,0.381,0.544
2020-03-11,1583884800,0.546,0.546,0.422,0.527
2020-03-12,1583971200,0.521,0.529,0.374,0.493
2020-03-13,1584057600,0.471,0.54,0.43,0.51
2020-03-16,1584316800,0.303,0.386,0.276,0.368
2020-03-17,1584403200,0.374,0.516,0.359,0.516
2020-03-18,1584489600,0.498,0.556,0.424,0.542
2020-03-19,1584576000,0.54,0.541,0.347,0.459
2020-03-20,1584662400,0.459,0.459,0.295,0.319
2020-03-23,1584921600,0.307,0.326,0.24,0.326
2020-03-24,1585008000,0.32,0.404,0.297,0.386
2020-03-25,1585094400,0.382,0.387,0.314,0.336
2020-03-26,1585180800,0.34,0.34,0.267,0.3
2020-03-27,1585267200,0.299,0.302,0.238,0.248
2020-03-30,1585526400,0.248,0.269,0.226,0.234
2020-03-31,1585612800,0.23,0.257,0.208,0.251
2020-04-01,1585699200,0.253,0.253,0.216,0.216
2020-04-02,1585785600,0.243,0.243,0.204,0.229
2020-04-03,1585872000,0.228,0.243,0.205,0.235
2020-04-06,1586131200,0.235,0.27,0.235,0.266
2020-04-07,1586217600,0.268,0.302,0.264,0.266
2020-04-08,1586304000,0.268,0.284,0.242,0.254
2020-04-09,1586390400,0.256,0.264,0.213,0.231
2020-04-13,1586736000,0.227,0.249,0.223,0.249
2020-04-14,1586822400,0.249,0.259,0.219,0.221
2020-04-15,1586908800,0.225,0.225,0.193,0.201
2020-04-16,1586995200,0.201,0.213,0.187,0.211
2020-04-17,1587081600,0.211,0.238,0.192,0.208
2020-04-20,1587340800,0.208,0.212,0.196,0.204
2020-04-21,1587427200,0.206,0.209,0.187,0.205
2020-04-22,1587513600,0.201,0.221,0.195,0.215
2020-04-23,1587600000,0.215,0.227,0.207,0.221
2020-04-24,1587686400,0.223,0.233,0.212,0.227
2020-04-27,1587945600,0.225,0.243,0.22,0.224
2020-04-28,1588032000,0.224,0.229,0.199,0.215
2020-04-29,1588118400,0.215,0.215,0.194,0.203
2020-04-30,1588204800,0.203,0.205,0.178,0.198
2020-05-01,1588291200,0.201,0.204,0.184,0.192
2020-05-04,1588550400,0.198,0.206,0.18,0.186
2020-05-05,1588636800,0.184,0.198,0.182,0.19
2020-05-06,1588723200,0.19,0.198,0.176,0.18
2020-05-07,1588809600,0.18,0.184,0.129,0.141
2020-05-08,1588896000,0.139,0.161,0.109,0.161
2020-05-11,1589155200,0.161,0.181,0.143,0.179
2020-05-12,1589241600,0.177,0.185,0.163,0.163
2020-05-13,1589328000,0.167,0.169,0.147,0.163
2020-05-14,1589414400,0.165,0.165,0.145,0.149
2020-05-15,1589500800,0.149,0.157,0.139,0.147
2020-05-18,1589760000,0.145,0.183,0.141,0.181
2020-05-19,1589846400,0.181,0.181,0.165,0.167
2020-05-20,1589932800,0.169,0.175,0.157,0.165
2020-05-21,1590019200,0.169,0.171,0.159,0.169
2020-05-22,1590105600,0.167,0.172,0.16,0.17
2020-05-26,1590451200,0.174,0.188,0.17,0.174
2020-05-27,1590537600,0.176,0.188,0.162,0.184
2020-05-28,1590624000,0.188,0.188,0.172,0.174
2020-05-29,1590710400,0.17,0.17,0.156,0.164
2020-06-01,1590969600,0.156,0.172,0.154,0.16
2020-06-02,1591056000,0.16,0.172,0.156,0.164
2020-06-03,1591142400,0.166,0.2,0.166,0.192
2020-06-04,1591228800,0.192,0.204,0.186,0.198
2020-06-05,1591315200,0.198,0.228,0.188,0.212
2020-06-08,1591574400,0.216,0.23,0.204,0.228
2020-06-09,1591660800,0.23,0.23,0.204,0.206
2020-06-10,1591747200,0.204,0.21,0.171,0.171
2020-06-11,1591833600,0.173,0.205,0.169,0.201
2020-06-12,1591920000,0.201,0.209,0.183,0.195
2020-06-15,1592179200,0.183,0.195,0.177,0.193
2020-06-16,1592265600,0.193,0.203,0.187,0.203
2020-06-17,1592352000,0.197,0.205,0.193,0.199
2020-06-18,1592438400,0.195,0.197,0.189,0.195
2020-06-19,1592524800,0.197,0.199,0.186,0.19
2020-06-22,1592784000,0.188,0.196,0.184,0.194
2020-06-23,1592870400,0.196,0.198,0.188,0.19
2020-06-24,1592956800,0.197,0.197,0.186,0.19
2020-06-25,1593043200,0.188,0.192,0.182,0.188
2020-06-26,1593129600,0.186,0.188,0.164,0.168
2020-06-29,1593388800,0.166,0.17,0.152,0.152
2020-06-30,1593475200,0.152,0.156,0.145,0.152
2020-07-01,1593561600,0.154,0.168,0.15,0.166
2020-07-02,1593648000,0.164,0.168,0.153,0.155
2020-07-06,1593993600,0.153,0.165,0.153,0.159
2020-07-07,1594080000,0.159,0.165,0.155,0.161
2020-07-08,1594166400,0.163,0.167,0.155,0.163
2020-07-09,1594252800,0.163,0.163,0.149,0.155
2020-07-10,1594339200,0.153,0.157,0.137,0.157
2020-07-13,1594598400,0.149,0.165,0.149,0.155
2020-07-14,1594684800,0.155,0.161,0.149,0.161
2020-07-15,1594771200,0.159,0.163,0.151,0.157
2020-07-16,1594857600,0.157,0.157,0.145,0.149
2020-07-17,1594944000,0.147,0.151,0.141,0.147
2020-07-20,1595203200,0.147,0.151,0.141,0.149
2020-07-21,1595289600,0.147,0.153,0.141,0.143
2020-07-22,1595376000,0.143,0.153,0.139,0.153
2020-07-23,1595462400,0.153,0.155,0.145,0.155
2020-07-24,1595548800,0.153,0.153,0.145,0.149
2020-07-27,1595808000,0.147,0.158,0.141,0.155
2020-07-28,1595894400,0.154,0.154,0.141,0.143
2020-07-29,1595980800,0.143,0.146,0.127,0.133
2020-07-30,1596067200,0.131,0.133,0.119,0.121
2020-07-31,1596153600,0.121,0.121,0.109,0.109
2020-08-03,1596412800,0.107,0.115,0.107,0.113
2020-08-04,1596499200,0.113,0.115,0.107,0.109
2020-08-05,1596585600,0.109,0.121,0.109,0.119
2020-08-06,1596672000,0.121,0.121,0.111,0.117
2020-08-07,1596758400,0.117,0.129,0.113,0.129
2020-08-10,1597017600,0.129,0.133,0.119,0.131
2020-08-11,1597104000,0.131,0.159,0.131,0.151
2020-08-12,1597190400,0.147,0.163,0.147,0.163
2020-08-13,1597276800,0.161,0.165,0.155,0.165
2020-08-14,1597363200,0.165,0.167,0.147,0.147
2020-08-17,1597622400,0.147,0.153,0.143,0.151
2020-08-18,1597708800,0.153,0.155,0.143,0.145
2020-08-19,1597795200,0.145,0.145,0.141,0.143
2020-08-20,1597881600,0.145,0.145,0.135,0.145
2020-08-21,1597968000,0.143,0.147,0.139,0.145
2020-08-24,1598227200,0.147,0.155,0.143,0.155
2020-08-25,1598313600,0.155,0.168,0.151,0.151
2020-08-26,1598400000,0.153,0.16,0.152,0.152
2020-08-27,1598486400,0.152,0.16,0.139,0.16
2020-08-28,1598572800,0.16,0.162,0.129,0.129
2020-08-31,1598832000,0.129,0.137,0.129,0.133
2020-09-01,1598918400,0.133,0.141,0.131,0.133
2020-09-02,1599004800,0.133,0.139,0.131,0.135
2020-09-03,1599091200,0.135,0.141,0.123,0.127
2020-09-04,1599177600,0.127,0.153,0.127,0.147
2020-09-08,1599523200,0.141,0.145,0.137,0.145
2020-09-09,1599609600,0.143,0.147,0.139,0.147
2020-09-10,1599696000,0.147,0.149,0.141,0.141
2020-09-11,1599782400,0.139,0.143,0.129,0.129
2020-09-14,1600041600,0.131,0.139,0.131,0.139
2020-09-15,1600128000,0.137,0.141,0.137,0.141
2020-09-16,1600214400,0.141,0.143,0.135,0.139
2020-09-17,1600300800,0.139,0.139,0.129,0.137
2020-09-18,1600387200,0.137,0.143,0.131,0.143
2020-09-21,1600646400,0.143,0.143,0.133,0.139
2020-09-22,1600732800,0.139,0.141,0.133,0.137
2020-09-23,1600819200,0.135,0.143,0.133,0.141
2020-09-24,1600905600,0.141,0.141,0.135,0.137
2020-09-25,1600992000,0.137,0.137,0.125,0.131
2020-09-28,1601251200,0.131,0.135,0.127,0.127
2020-09-29,1601337600,0.129,0.131,0.125,0.127
2020-09-30,1601424000,0.127,0.131,0.123,0.131
2020-10-01,1601510400,0.131,0.135,0.127,0.131
2020-10-02,1601596800,0.129,0.135,0.123,0.133
2020-10-05,1601856000,0.135,0.149,0.131,0.149
2020-10-06,1601942400,0.149,0.151,0.141,0.149
2020-10-07,1602028800,0.147,0.159,0.147,0.155
2020-10-08,1602115200,0.153,0.155,0.147,0.153
2020-10-09,1602201600,0.149,0.157,0.147,0.157
2020-10-13,1602547200,0.151,0.151,0.141,0.141
2020-10-14,1602633600,0.141,0.143,0.139,0.141
2020-10-15,1602720000,0.141,0.141,0.135,0.141
2020-10-16,1602806400,0.143,0.147,0.137,0.145
2020-10-19,1603065600,0.151,0.151,0.145,0.149
2020-10-20,1603152000,0.147,0.149,0.145,0.145
2020-10-21,1603238400,0.147,0.153,0.147,0.149
2020-10-22,1603324800,0.149,0.157,0.147,0.155
2020-10-23,1603411200,0.157,0.158,0.149,0.158
2020-10-26,1603670400,0.151,0.153,0.147,0.151
2020-10-27,1603756800,0.151,0.153,0.147,0.147
2020-10-28,1603843200,0.149,0.15,0.145,0.149
2020-10-29,1603929600,0.15,0.154,0.145,0.15
2020-10-30,1604016000,0.152,0.156,0.147,0.156
2020-11-02,1604275200,0.154,0.158,0.152,0.158
2020-11-03,1604361600,0.162,0.172,0.16,0.17
2020-11-04,1604448000,0.176,0.176,0.143,0.147
2020-11-05,1604534400,0.149,0.157,0.145,0.147
2020-11-06,1604620800,0.149,0.149,0.147,0.147
2020-11-09,1604880000,0.157,0.186,0.151,0.175
2020-11-10,1604966400,0.175,0.185,0.173,0.185
2020-11-11,1605052800,0.185,0.185,0.185,0.185
2020-11-12,1605139200,0.187,0.187,0.173,0.179
2020-11-13,1605225600,0.177,0.183,0.175,0.183
2020-11-16,1605484800,0.185,0.185,0.175,0.179
2020-11-17,1605571200,0.179,0.179,0.171,0.171
2020-11-18,1605657600,0.175,0.177,0.171,0.175
2020-11-19,1605744000,0.175,0.175,0.167,0.167
2020-11-20,1605830400,0.167,0.167,0.159,0.161
2020-11-23,1606089600,0.161,0.166,0.159,0.163
2020-11-24,1606176000,0.163,0.17,0.16,0.164
2020-11-25,1606262400,0.164,0.166,0.158,0.162
2020-11-27,1606435200,0.156,0.156,0.154,0.154
2020-11-30,1606694400,0.154,0.158,0.147,0.15
2020-12-01,1606780800,0.15,0.174,0.147,0.17
2020-12-02,1606867200,0.168,0.168,0.16,0.162
2020-12-03,1606953600,0.162,0.162,0.153,0.153
2020-12-04,1607040000,0.154,0.159,0.151,0.153
2020-12-07,1607299200,0.153,0.153,0.143,0.143
2020-12-08,1607385600,0.145,0.153,0.143,0.153
2020-12-09,1607472000,0.151,0.159,0.151,0.151
2020-12-10,1607558400,0.151,0.151,0.139,0.141
2020-12-11,1607644800,0.139,0.141,0.119,0.121
2020-12-14,1607904000,0.123,0.125,0.117,0.117
2020-12-15,1607990400,0.119,0.123,0.117,0.117
2020-12-16,1608076800,0.119,0.129,0.117,0.119
2020-12-17,1608163200,0.117,0.129,0.117,0.123
2020-12-18,1608249600,0.123,0.123,0.119,0.123
2020-12-21,1608508800,0.121,0.123,0.111,0.123
2020-12-22,1608595200,0.123,0.123,0.117,0.119
2020-12-23,1608681600,0.119,0.125,0.117,0.121
2020-12-24,1608768000,0.121,0.123,0.119,0.123
2020-12-28,1609113600,0.123,0.133,0.119,0.123
2020-12-29,1609200000,0.131,0.131,0.125,0.129
2020-12-30,1609286400,0.129,0.133,0.125,0.125
2020-12-31,1609372800,0.125,0.125,0.121,0.123
2021-01-04,1609718400,0.123,0.127,0.115,0.115
2021-01-05,1609804800,0.117,0.123,0.113,0.123
2021-01-06,1609891200,0.123,0.151,0.123,0.139
2021-01-07,1609977600,0.139,0.145,0.137,0.141
2021-01-08,1610064000,0.139,0.145,0.135,0.137
2021-01-11,1610323200,0.137,0.149,0.129,0.149
2021-01-12,1610409600,0.149,0.153,0.145,0.147
2021-01-13,1610496000,0.147,0.151,0.143,0.147
2021-01-14,1610582400,0.145,0.153,0.141,0.145
2021-01-15,1610668800,0.141,0.145,0.135,0.135
2021-01-19,1611014400,0.137,0.143,0.131,0.133
2021-01-20,1611100800,0.133,0.137,0.129,0.129
2021-01-21,1611187200,0.129,0.133,0.125,0.125
2021-01-22,1611273600,0.127,0.127,0.121,0.125
2021-01-25,1611532800,0.125,0.125,0.119,0.119
2021-01-26,1611619200,0.121,0.129,0.121,0.123
2021-01-27,1611705600,0.123,0.123,0.115,0.121
2021-01-28,1611792000,0.119,0.123,0.117,0.119
2021-01-29,1611878400,0.121,0.123,0.111,0.111
2021-02-01,1612137600,0.111,0.113,0.107,0.111
2021-02-02,1612224000,0.111,0.117,0.109,0.115
2021-02-03,1612310400,0.113,0.121,0.113,0.119
2021-02-04,1612396800,0.119,0.121,0.113,0.115
2021-02-05,1612483200,0.113,0.117,0.105,0.105
2021-02-08,1612742400,0.107,0.113,0.105,0.113
2021-02-09,1612828800,0.113,0.119,0.111,0.119
2021-02-10,1612915200,0.117,0.117,0.109,0.109
2021-02-11,1613001600,0.111,0.117,0.109,0.111
2021-02-12,1613088000,0.109,0.111,0.107,0.111
2021-02-16,1613433600,0.115,0.123,0.113,0.123
2021-02-17,1613520000,0.123,0.123,0.107,0.107
2021-02-18,1613606400,0.109,0.113,0.105,0.109
2021-02-19,1613692800,0.109,0.111,0.107,0.109
2021-02-22,1613952000,0.111,0.115,0.107,0.115
2021-02-23,1614038400,0.115,0.119,0.109,0.113
2021-02-24,1614124800,0.111,0.131,0.111,0.125
2021-02-25,1614211200,0.125,0.18,0.125,0.176
2021-02-26,1614297600,0.178,0.18,0.125,0.131
2021-03-01,1614556800,0.127,0.139,0.119,0.121
2021-03-02,1614643200,0.121,0.129,0.117,0.123
2021-03-03,1614729600,0.123,0.147,0.123,0.145
2021-03-04,1614816000,0.143,0.149,0.137,0.147
2021-03-05,1614902400,0.147,0.151,0.135,0.141
2021-03-08,1615161600,0.151,0.167,0.145,0.165
2021-03-09,1615248000,0.167,0.169,0.157,0.163
2021-03-10,1615334400,0.161,0.171,0.155,0.157
2021-03-11,1615420800,0.155,0.159,0.141,0.143
2021-03-12,1615507200,0.143,0.161,0.141,0.149
2021-03-15,1615766400,0.153,0.157,0.147,0.155
2021-03-16,1615852800,0.153,0.157,0.147,0.151
2021-03-17,1615939200,0.151,0.157,0.129,0.135
2021-03-18,1616025600,0.137,0.167,0.127,0.157
2021-03-19,1616112000,0.157,0.163,0.137,0.153
2021-03-22,1616371200,0.149,0.153,0.141,0.151
2021-03-23,1616457600,0.149,0.151,0.143,0.147
2021-03-24,1616544000,0.147,0.152,0.143,0.148
2021-03-25,1616630400,0.15,0.15,0.137,0.141
2021-03-26,1616716800,0.139,0.141,0.129,0.141
2021-03-29,1616976000,0.141,0.146,0.135,0.143
2021-03-30,1617062400,0.143,0.158,0.143,0.148
2021-03-31,1617148800,0.148,0.162,0.148,0.162
2021-04-01,1617235200,0.162,0.166,0.157,0.162
2021-04-02,1617321600,0.162,0.19,0.161,0.186
2021-04-05,1617580800,0.184,0.192,0.168,0.168
2021-04-06,1617667200,0.17,0.172,0.159,0.159
2021-04-07,1617753600,0.163,0.163,0.147,0.155
2021-04-08,1617840000,0.155,0.155,0.149,0.151
2021-04-09,1617926400,0.155,0.163,0.151,0.157
2021-04-12,1618185600,0.163,0.173,0.155,0.171
2021-04-13,1618272000,0.169,0.175,0.161,0.161
2021-04-14,1618358400,0.163,0.167,0.159,0.163
2021-04-15,1618444800,0.163,0.165,0.155,0.161
2021-04-16,1618531200,0.163,0.167,0.159,0.163
2021-04-19,1618790400,0.163,0.1652,0.159,0.1592
2021-04-20,1618876800,0.1612,0.1653,0.1512,0.1512
2021-04-21,1618963200,0.1532,0.1553,0.1492,0.1492
2021-04-22,1619049600,0.1492,0.1553,0.1452,0.1513
2021-04-23,1619136000,0.1513,0.1595,0.1493,0.1595
2021-04-26,1619395200,0.1575,0.1717,0.1575,0.1697
2021-04-27,1619481600,0.1697,0.1818,0.1697,0.1818
2021-04-28,1619568000,0.1779,0.1818,0.1661,0.1661
2021-04-29,1619654400,0.1661,0.174,0.1641,0.1641
2021-04-30,1619740800,0.1641,0.1682,0.1623,0.1623
2021-05-03,1620000000,0.1623,0.1663,0.1584,0.1624
2021-05-04,1620086400,0.1624,0.1683,0.1585,0.1624
2021-05-05,1620172800,0.1624,0.1664,0.1605,0.1625
2021-05-11,1620691200,0.1568,0.1608,0.1529,0.1608
2021-05-12,1620777600,0.1628,0.1748,0.1549,0.1668
2021-05-13,1620864000,0.1668,0.1669,0.1569,0.1569
2021-05-14,1620950400,0.1589,0.1591,0.149,0.149
2021-05-17,1621209600,0.149,0.1571,0.1451,0.1571
2021-05-18,1621296000,0.1571,0.1571,0.1511,0.1511
2021-05-19,1621382400,0.1511,0.1612,0.1451,0.1592
2021-05-20,1621468800,0.1592,0.1592,0.1472,0.1472
2021-05-21,1621555200,0.1472,0.1574,0.1472,0.1553
2021-05-24,1621814400,0.1553,0.1574,0.1513,0.1534
2021-05-25,1621900800,0.1513,0.1554,0.1433,0.1433
2021-05-26,1621987200,0.1453,0.1505,0.1427,0.1505
2021-05-27,1622073600,0.1485,0.1524,0.1466,0.1466
2021-05-28,1622160000,0.1485,0.1524,0.1387,0.1406
2021-06-01,1622505600,0.1466,0.1505,0.1427,0.1486
2021-06-02,1622592000,0.1486,0.1506,0.1427,0.1466
2021-06-03,1622678400,0.1466,0.1604,0.1466,0.1584
2021-06-04,1622764800,0.1584,0.1625,0.1448,0.1487
2021-06-07,1623024000,0.1507,0.1567,0.1507,0.1567
2021-06-08,1623110400,0.1586,0.1587,0.1508,0.1547
2021-06-09,1623196800,0.1567,0.1567,0.1468,0.1567
2021-06-10,1623283200,0.1567,0.1608,0.1449,0.1469
2021-06-11,1623369600,0.1489,0.1529,0.145,0.149
2021-06-14,1623628800,0.1509,0.161,0.1509,0.161
2021-06-15,1623715200,0.161,0.167,0.159,0.165
2021-06-16,1623801600,0.167,0.2092,0.1611,0.2092
2021-06-17,1623888000,0.2072,0.2174,0.1993,0.2133
2021-06-18,1623974400,0.2174,0.2743,0.2077,0.2561
2021-06-21,1624233600,0.2642,0.2765,0.2482,0.2583
2021-06-22,1624320000,0.2563,0.2603,0.2281,0.2301
2021-06-23,1624406400,0.2301,0.2681,0.2301,0.2641
2021-06-24,1624492800,0.2661,0.272,0.2543,0.27
2021-06-25,1624579200,0.27,0.274,0.2602,0.2681
2021-06-28,1624838400,0.2661,0.2681,0.2543,0.2563
2021-06-29,1624924800,0.2563,0.2602,0.2524,0.2524
2021-06-30,1625011200,0.2563,0.2563,0.2447,0.2506
2021-07-01,1625097600,0.2525,0.2566,0.2507,0.2566
2021-07-02,1625184000,0.2547,0.2633,0.2356,0.2376
2021-07-06,1625529600,0.2336,0.2417,0.2199,0.2199
2021-07-07,1625616000,0.2219,0.228,0.2161,0.2181
2021-07-08,1625702400,0.2181,0.2182,0.1924,0.1963
2021-07-09,1625788800,0.1983,0.2166,0.1983,0.2166
2021-07-12,1626048000,0.2146,0.2366,0.2047,0.2287
2021-07-13,1626134400,0.2267,0.2588,0.2267,0.2548
2021-07-14,1626220800,0.2548,0.257,0.225,0.225
2021-07-15,1626307200,0.227,0.2311,0.2191,0.2271
2021-07-16,1626393600,0.2271,0.2437,0.2215,0.2235
2021-07-19,1626652800,0.2215,0.2216,0.1914,0.2176
2021-07-20,1626739200,0.2176,0.2196,0.1915,0.2016
2021-07-21,1626825600,0.2016,0.2098,0.1956,0.2098
2021-07-22,1626912000,0.2098,0.2281,0.1977,0.2018
2021-07-23,1626998400,0.2018,0.2204,0.194,0.2001
2021-07-26,1627257600,0.2021,0.2022,0.1941,0.1961
2021-07-27,1627344000,0.2212,0.2212,0.2015,0.2075
2021-07-28,1627430400,0.2075,0.2153,0.1996,0.2035
2021-07-29,1627516800,0.2035,0.2173,0.1996,0.2055
2021-07-30,1627603200,0.2035,0.2055,0.1878,0.1878
2021-08-02,1627862400,0.1819,0.184,0.1721,0.1742
2021-08-03,1627948800,0.1761,0.1821,0.1683,0.1722
2021-08-04,1628035200,0.1742,0.1841,0.1723,0.1841
2021-08-05,1628121600,0.1822,0.2079,0.1822,0.2
2021-08-06,1628208000,0.202,0.2162,0.202,0.2122
2021-08-09,1628467200,0.2064,0.2223,0.2004,0.2223
2021-08-10,1628553600,0.2223,0.2404,0.2183,0.2404
2021-08-11,1628640000,0.2384,0.2465,0.2166,0.2206
2021-08-12,1628726400,0.2206,0.2287,0.2186,0.2247
2021-08-13,1628812800,0.2247,0.2271,0.2091,0.2111
2021-08-16,1629072000,0.2111,0.2132,0.1971,0.2132
2021-08-17,1629158400,0.2132,0.2173,0.1992,0.2173
2021-08-18,1629244800,0.2173,0.2336,0.2114,0.2175
2021-08-19,1629331200,0.2175,0.2236,0.2035,0.2216
2021-08-20,1629417600,0.2216,0.2261,0.214,0.2261
2021-08-23,1629676800,0.2261,0.2343,0.2242,0.2262
2021-08-24,1629763200,0.2282,0.2365,0.2243,0.2243
2021-08-25,1629849600,0.2243,0.2504,0.2243,0.2406
2021-08-26,1629936000,0.2426,0.2465,0.2327,0.2426
2021-08-27,1630022400,0.2445,0.2445,0.2151,0.219
2021-08-30,1630281600,0.219,0.219,0.2033,0.2033
2021-08-31,1630368000,0.2053,0.2113,0.1974,0.2113
2021-09-01,1630454400,0.2133,0.2172,0.2035,0.2114
2021-09-02,1630540800,0.2114,0.2135,0.2076,0.2076
2021-09-03,1630627200,0.2096,0.212,0.2061,0.2081
2021-09-07,1630972800,0.2041,0.222,0.2041,0.222
2021-09-08,1631059200,0.222,0.2222,0.2142,0.2182
2021-09-09,1631145600,0.2202,0.2223,0.2124,0.2144
2021-09-10,1631232000,0.2164,0.2207,0.2124,0.2147
2021-09-13,1631491200,0.2167,0.2209,0.2109,0.2149
2021-09-14,1631577600,0.2129,0.219,0.205,0.209
2021-09-15,1631664000,0.211,0.2151,0.207,0.2131
2021-09-16,1631750400,0.2131,0.2233,0.2111,0.2213
2021-09-17,1631836800,0.2213,0.2297,0.2193,0.2257
2021-09-20,1632096000,0.2257,0.2279,0.2137,0.2178
2021-09-21,1632182400,0.2158,0.2219,0.2098,0.2179
2021-09-22,1632268800,0.2179,0.2424,0.2159,0.2383
2021-09-23,1632355200,0.2403,0.2628,0.2362,0.2628
2021-09-24,1632441600,0.2608,0.2756,0.2532,0.2715
2021-09-27,1632700800,0.2736,0.2881,0.2677,0.2799
2021-09-28,1632787200,0.3147,0.3206,0.301,0.3049
2021-09-29,1632873600,0.3049,0.3088,0.2931,0.2931
2021-09-30,1632960000,0.2931,0.3011,0.2814,0.2814
2021-10-01,1633046400,0.2794,0.2835,0.2638,0.2657
2021-10-04,1633305600,0.2618,0.2835,0.2598,0.2796
2021-10-05,1633392000,0.2816,0.2895,0.2776,0.2856
2021-10-06,1633478400,0.2875,0.3015,0.2875,0.2955
2021-10-07,1633564800,0.2975,0.3095,0.2975,0.3075
2021-10-08,1633651200,0.3095,0.3218,0.2958,0.3198
2021-10-12,1633996800,0.3537,0.3598,0.3359,0.3399
2021-10-13,1634083200,0.3419,0.378,0.3379,0.36
2021-10-14,1634169600,0.36,0.366,0.3421,0.3621
2021-10-15,1634256000,0.3642,0.4009,0.3586,0.3969
2021-10-18,1634515200,0.415,0.4436,0.407,0.4274
2021-10-19,1634601600,0.4213,0.4233,0.3892,0.4034
2021-10-20,1634688000,0.3994,0.4135,0.3753,0.3874
2021-10-21,1634774400,0.3874,0.4565,0.3874,0.4565
2021-10-22,1634860800,0.4525,0.4901,0.4452,0.4554
2021-10-25,1635120000,0.4595,0.4618,0.4251,0.4373
2021-10-26,1635206400,0.4353,0.4601,0.4353,0.4437
2021-10-27,1635292800,0.4478,0.5167,0.4478,0.5049
2021-10-28,1635379200,0.5029,0.5601,0.4714,0.4931
2021-10-29,1635465600,0.4891,0.5443,0.4675,0.501
2021-11-01,1635724800,0.5167,0.5266,0.4972,0.5011
2021-11-02,1635811200,0.5011,0.511,0.444,0.4539
2021-11-03,1635897600,0.448,0.4955,0.4461,0.4718
2021-11-04,1635984000,0.4757,0.4759,0.3948,0.4264
2021-11-05,1636070400,0.4264,0.4504,0.3929,0.4048
2021-11-08,1636329600,0.4068,0.4525,0.4068,0.4446
2021-11-09,1636416000,0.4466,0.4466,0.4088,0.4227
2021-11-10,1636502400,0.4227,0.5229,0.4227,0.5169
2021-11-11,1636588800,0.5189,0.5189,0.5189,0.5189
2021-11-12,1636675200,0.5449,0.5456,0.5054,0.5155
2021-11-15,1636934400,0.5235,0.5338,0.5014,0.5197
2021-11-16,1637020800,0.5197,0.5401,0.5076,0.5199
2021-11-17,1637107200,0.522,0.532,0.4979,0.502
2021-11-18,1637193600,0.4979,0.5102,0.492,0.5042
2021-11-19,1637280000,0.5021,0.5148,0.4479,0.5148
2021-11-22,1637539200,0.5291,0.5944,0.5189,0.5883
2021-11-23,1637625600,0.5924,0.6437,0.5924,0.6181
2021-11-24,1637712000,0.6142,0.6536,0.5885,0.6437
2021-11-25,1637798400,0.6437,0.6437,0.6437,0.6437
2021-11-26,1637884800,0.622,0.626,0.4922,0.5078
2021-11-29,1638144000,0.5531,0.557,0.4922,0.4922
2021-11-30,1638230400,0.4882,0.5709,0.4469,0.5709
2021-12-01,1638316800,0.567,0.6165,0.5513,0.5552
2021-12-02,1638403200,0.5513,0.6304,0.5513,0.6166
2021-12-03,1638489600,0.6146,0.6489,0.5853,0.5913
2021-12-06,1638748800,0.6111,0.6351,0.6053,0.6312
2021-12-07,1638835200,0.6332,0.6932,0.6272,0.6932
2021-12-08,1638921600,0.6932,0.7115,0.6675,0.6835
2021-12-09,1639008000,0.6855,0.6955,0.6717,0.6917
2021-12-10,1639094400,0.6917,0.7287,0.6383,0.6564
2021-12-13,1639353600,0.6584,0.6767,0.6324,0.6365
2021-12-14,1639440000,0.6324,0.6648,0.6324,0.6588
2021-12-15,1639526400,0.6568,0.7074,0.6488,0.6671
2021-12-16,1639612800,0.6651,0.6833,0.6149,0.6169
2021-12-17,1639699200,0.6169,0.6457,0.6052,0.6396
2021-12-20,1639958400,0.6255,0.6358,0.5891,0.6358
2021-12-21,1640044800,0.6358,0.6766,0.6256,0.6665
2021-12-22,1640131200,0.6685,0.681,0.6543,0.6647
2021-12-23,1640217600,0.6647,0.6914,0.6626,0.6914
2021-12-27,1640563200,0.6902,0.7172,0.6902,0.7048
2021-12-28,1640649600,0.7028,0.7559,0.7028,0.7539
2021-12-29,1640736000,0.7559,0.7598,0.7382,0.752
2021-12-30,1640822400,0.752,0.752,0.7263,0.7283
2021-12-31,1640908800,0.7303,0.7441,0.7203,0.7341
2022-01-03,1641168000,0.7341,0.8016,0.7341,0.7718
2022-01-04,1641254400,0.7758,0.7957,0.754,0.7619
2022-01-05,1641340800,0.7599,0.8316,0.7559,0.8296
2022-01-06,1641427200,0.8296,0.8836,0.8196,0.8696
2022-01-07,1641513600,0.8736,0.9042,0.8616,0.8661
2022-01-10,1641772800,0.8701,0.9064,0.8643,0.8984
2022-01-11,1641859200,0.8984,0.9449,0.8865,0.8865
2022-01-12,1641945600,0.8885,0.9229,0.8865,0.9229
2022-01-13,1642032000,0.9229,0.929,0.8909,0.897
2022-01-14,1642118400,0.8949,0.9709,0.8949,0.9709
2022-01-18,1642464000,1.0075,1.0583,1.0034,1.0465
2022-01-19,1642550400,1.0465,1.0735,1.0041,1.0592
2022-01-20,1642636800,1.051,1.0679,1.0269,1.029
2022-01-21,1642723200,1.0269,1.0343,0.9912,1.0056
2022-01-24,1642982400,1.026,1.0388,0.9382,0.9731
2022-01-25,1643068800,0.971,1.0353,0.971,1.0214
2022-01-26,1643155200,1.0273,1.1603,1.0154,1.1544
2022-01-27,1643241600,1.1544,1.2061,1.1544,1.1902
2022-01-28,1643328000,1.1882,1.226,1.1603,1.1643
2022-01-31,1643587200,1.1961,1.2145,1.1587,1.1807
2022-02-01,1643673600,1.1846,1.193,1.1392,1.1671
2022-02-02,1643760000,1.1691,1.1775,1.1415,1.1555
2022-02-03,1643846400,1.1495,1.2079,1.1336,1.1979
2022-02-04,1643932800,1.2019,1.324,1.1999,1.314
2022-02-07,1644192000,1.328,1.328,1.2883,1.2944
2022-02-08,1644278400,1.2944,1.3475,1.2924,1.3455
2022-02-09,1644364800,1.3455,1.3684,1.3158,1.3684
2022-02-10,1644451200,1.3664,1.6378,1.3407,1.5827
2022-02-11,1644537600,1.6092,1.6287,1.4773,1.5079
2022-02-14,1644796800,1.5079,1.6174,1.5047,1.5785
2022-02-15,1644883200,1.5702,1.6082,1.5539,1.5795
2022-02-16,1644969600,1.5774,1.5804,1.5105,1.527
2022-02-17,1645056000,1.527,1.527,1.4683,1.4703
2022-02-18,1645142400,1.4683,1.5047,1.4395,1.4696
2022-02-22,1645488000,1.4324,1.5615,1.4304,1.5553
2022-02-23,1645574400,1.5615,1.6276,1.5615,1.6036
2022-02-24,1645660800,1.6056,1.6056,1.4642,1.5837
2022-02-25,1645747200,1.5777,1.6236,1.5558,1.5677
2022-02-28,1646006400,1.494,1.5099,1.4264,1.4343
2022-03-01,1646092800,1.4363,1.4781,1.2672,1.3447
2022-03-02,1646179200,1.3327,1.532,1.2768,1.5159
2022-03-03,1646265600,1.5139,1.554,1.462,1.534
2022-03-04,1646352000,1.526,1.554,1.436,1.4819
2022-03-07,1646611200,1.4437,1.5583,1.4277,1.5543
2022-03-08,1646697600,1.5583,1.6391,1.5523,1.6068
2022-03-09,1646784000,1.6048,1.6757,1.5947,1.6737
2022-03-10,1646870400,1.6839,1.7288,1.6537,1.7003
2022-03-11,1646956800,1.7024,1.7582,1.678,1.7521
2022-03-14,1647216000,1.7889,1.865,1.7831,1.865
2022-03-15,1647302400,1.865,1.8875,1.7917,1.8552
2022-03-16,1647388800,1.8511,1.9935,1.8347,1.942
2022-03-17,1647475200,1.9482,1.9612,1.8988,1.9179
2022-03-18,1647561600,1.9159,1.9651,1.8969,1.9423
2022-03-21,1647820800,1.9423,2.134,1.9423,2.1195
2022-03-22,1647907200,2.1174,2.1975,2.1174,2.1683
2022-03-23,1647993600,2.1662,2.1954,2.1003,2.1003
2022-03-24,1648080000,2.0982,2.1638,2.0982,2.1408
2022-03-25,1648166400,2.1346,2.316,2.1346,2.278
2022-03-28,1648425600,2.2865,2.4059,2.2759,2.3319
2022-03-29,1648512000,2.3361,2.4533,2.3361,2.3787
2022-03-30,1648598400,2.3687,2.3747,2.3023,2.3123
2022-03-31,1648684800,2.3123,2.3386,2.2741,2.3386
2022-04-01,1648771200,2.3346,2.4666,2.3346,2.4625
2022-04-04,1649030400,2.4868,2.4909,2.4079,2.4241
2022-04-05,1649116800,2.4181,2.5303,2.41,2.518
2022-04-06,1649203200,2.5241,2.6001,2.4715,2.4755
2022-04-07,1649289600,2.4837,2.4837,2.4205,2.4636
2022-04-08,1649376000,2.4636,2.5423,2.4513,2.5197
2022-04-11,1649635200,2.5362,2.592,2.4831,2.5057
2022-04-12,1649721600,2.4996,2.5513,2.3746,2.4116
2022-04-13,1649808000,2.4095,2.4403,2.2887,2.3543
2022-04-14,1649894400,2.3645,2.4746,2.3074,2.456
2022-04-18,1650240000,2.4829,2.5122,2.4418,2.4521
2022-04-19,1650326400,2.4459,2.6019,2.4335,2.5999
2022-04-20,1650412800,2.5936,2.6269,2.5482,2.5815
2022-04-21,1650499200,2.5753,2.7198,2.5753,2.6885
2022-04-22,1650585600,2.6739,2.7848,2.6714,2.6714
2022-04-25,1650844800,2.6693,2.6693,2.5272,2.6299
2022-04-26,1650931200,2.6299,2.6699,2.4815,2.4815
2022-04-27,1651017600,2.4815,2.6092,2.4815,2.593
2022-04-28,1651104000,2.591,2.672,2.5586,2.6213
2022-04-29,1651190400,2.6294,2.7532,2.6132,2.7248
2022-05-02,1651449600,2.7329,2.7471,2.6946,2.7332
2022-05-03,1651536000,2.7311,2.7844,2.707,2.7844
2022-05-04,1651622400,2.7844,2.8379,2.6177,2.6604
2022-05-05,1651708800,2.6461,2.734,2.6443,2.7116
2022-05-06,1651795200,2.7116,2.7555,2.6571,2.7411
2022-05-09,1652054400,2.739,2.7575,2.5815,2.5959
2022-05-10,1652140800,2.5979,2.6349,2.555,2.6165
2022-05-11,1652227200,2.6062,2.7338,2.5776,2.6412
2022-05-12,1652313600,2.6474,2.6577,2.5223,2.5654
2022-05-13,1652400000,2.5797,2.6357,2.5756,2.5842
2022-05-16,1652659200,2.6295,2.6295,2.5429,2.576
2022-05-17,1652745600,2.576,2.7127,2.5698,2.7065
2022-05-18,1652832000,2.7106,2.7296,2.6528,2.6735
2022-05-19,1652918400,2.6673,2.6818,2.5804,2.6115
2022-05-20,1653004800,2.6115,2.6431,2.5557,2.5848
2022-05-23,1653264000,2.6119,2.6391,2.5912,2.6246
2022-05-24,1653350400,2.6287,2.6287,2.4745,2.485
2022-05-25,1653436800,2.4807,2.5383,2.4698,2.498
2022-05-26,1653523200,2.502,2.5222,2.4436,2.4778
2022-05-27,1653609600,2.4819,2.498,2.4537,2.4839
2022-05-31,1653955200,2.5726,2.5867,2.5242,2.5626
2022-06-01,1654041600,2.5626,2.67,2.5626,2.6497
2022-06-02,1654128000,2.6477,2.6661,2.6316,2.6316
2022-06-03,1654214400,2.6377,2.6851,2.6316,2.6586
2022-06-06,1654473600,2.6606,2.7343,2.6565,2.7343
2022-06-07,1654560000,2.7323,2.7592,2.6978,2.7306
2022-06-08,1654646400,2.7346,2.7801,2.7346,2.776
2022-06-09,1654732800,2.778,2.8401,2.7722,2.8154
2022-06-10,1654819200,2.8154,3.0673,2.8154,3.0673
2022-06-13,1655078400,3.1547,3.3961,3.1235,3.373
2022-06-14,1655164800,3.3646,3.4519,3.2442,3.4351
2022-06-15,1655251200,3.4393,3.4393,3.197,3.197
2022-06-16,1655337600,3.2096,3.3934,3.0912,3.0996
2022-06-17,1655424000,3.0996,3.1996,3.0902,3.1806
2022-06-21,1655769600,3.2439,3.2523,3.1836,3.2006
2022-06-22,1655856000,3.1942,3.2111,3.0433,3.0623
2022-06-23,1655942400,3.0623,3.0968,2.8799,3.023
2022-06-24,1656028800,3.0124,3.0843,2.9596,3.0695
2022-06-27,1656288000,3.0738,3.151,3.059,3.1255
2022-06-28,1656374400,3.1319,3.1503,3.0811,3.1136
2022-06-29,1656460800,3.1116,3.1279,3.0405,3.0405
2022-06-30,1656547200,3.0426,3.0548,2.9229,2.9594
2022-07-01,1656633600,2.9554,2.9837,2.7334,2.839
2022-07-05,1656979200,2.9163,2.9631,2.7777,2.8245
2022-07-06,1657065600,2.8225,3.0059,2.7754,3.0059
2022-07-07,1657152000,2.9957,3.0572,2.9588,3.0182
2022-07-08,1657238400,3.0244,3.1336,2.9957,3.1109
2022-07-11,1657497600,3.1274,3.1274,3.0161,3.0759
2022-07-12,1657584000,3.0697,3.0718,2.9831,3.047
2022-07-13,1657670400,3.0533,3.2003,3.0347,3.161
2022-07-14,1657756800,3.1485,3.2609,3.1113,3.1321
2022-07-15,1657843200,3.1362,3.168,3.0909,3.1346
2022-07-18,1658102400,3.1305,3.2225,3.1202,3.1786
2022-07-19,1658188800,3.1702,3.2457,3.1454,3.2457
2022-07-20,1658275200,3.2416,3.2545,3.1727,3.2293
2022-07-21,1658361600,3.2356,3.2695,3.0871,3.0892
2022-07-22,1658448000,3.0955,3.142,2.9093,2.9741
2022-07-25,1658707200,3.0077,3.0412,2.9825,3.0203
2022-07-26,1658793600,3.0182,3.0629,2.9776,3.0568
2022-07-27,1658880000,3.0589,3.0853,2.9716,3.0
2022-07-28,1658966400,2.9837,3.0142,2.8299,2.8662
2022-07-29,1659052800,2.8683,2.9411,2.8299,2.8885
2022-08-01,1659312000,2.9148,2.9289,2.8741,2.8741
2022-08-02,1659398400,2.8863,3.0834,2.8256,3.0529
2022-08-03,1659484800,3.063,3.1919,3.0141,3.0712
2022-08-04,1659571200,3.0692,3.1184,3.0182,3.0488
2022-08-05,1659657600,3.0488,3.3267,3.0345,3.3267
2022-08-08,1659916800,3.2525,3.2648,3.1971,3.2115
2022-08-09,1660003200,3.2094,3.2862,3.1912,3.2717
2022-08-10,1660089600,3.2676,3.3197,3.0923,3.2162
2022-08-11,1660176000,3.2203,3.2413,3.1358,3.2268
2022-08-12,1660262400,3.2247,3.265,3.1736,3.2526
2022-08-15,1660521600,3.2588,3.2737,3.1821,3.1884
2022-08-16,1660608000,3.1946,3.2678,3.1719,3.2657
2022-08-17,1660694400,3.2678,3.3539,3.2577,3.287
2022-08-18,1660780800,3.2849,3.3229,3.2036,3.2036
2022-08-19,1660867200,3.2078,3.2884,3.2016,3.2359
2022-08-22,1661126400,3.259,3.3456,3.2467,3.314
2022-08-23,1661212800,3.3161,3.346,3.2386,3.3039
2022-08-24,1661299200,3.3018,3.4048,3.2866,3.3925
2022-08-25,1661385600,3.4028,3.4028,3.3477,3.3742
2022-08-26,1661472000,3.3742,3.4354,3.3497,3.4028
2022-08-29,1661731200,3.4416,3.4845,3.4028,3.4293
2022-08-30,1661817600,3.4314,3.4886,3.3987,3.4456
2022-08-31,1661904000,3.4579,3.4971,3.4274,3.4971
2022-09-01,1661990400,3.495,3.5466,3.4707,3.5055
2022-09-02,1662076800,3.5178,3.5178,3.3935,3.3935
2022-09-06,1662422400,3.4408,3.5091,3.4243,3.5091
2022-09-07,1662508800,3.5071,3.5174,3.4351,3.4351
2022-09-08,1662595200,3.4392,3.5118,3.4187,3.5077
2022-09-09,1662681600,3.5118,3.5752,3.4608,3.5648
2022-09-12,1662940800,3.5648,3.5819,3.5193,3.5756
2022-09-13,1663027200,3.5756,3.7853,3.5134,3.7601
2022-09-14,1663113600,3.7455,3.8344,3.7398,3.7902
2022-09-15,1663200000,3.7881,3.871,3.7881,3.8646
2022-09-16,1663286400,3.8667,3.9221,3.8502,3.8734
2022-09-19,1663545600,3.8713,3.9634,3.8615,3.94
2022-09-20,1663632000,3.9464,3.9877,3.9336,3.9686
2022-09-21,1663718400,3.9707,4.104,3.9142,4.0527
2022-09-22,1663804800,4.0591,4.1565,4.0591,4.1265
2022-09-23,1663891200,4.118,4.2636,4.1171,4.2118
2022-09-26,1664150400,4.2313,4.3558,4.2131,4.3558
2022-09-27,1664236800,4.345,4.345,4.2068,4.2912
2022-09-28,1664323200,4.2912,4.3118,4.0877,4.1349
2022-09-29,1664409600,4.139,4.2294,4.1267,4.1986
2022-09-30,1664496000,4.1924,4.2746,4.1364,4.2746
2022-10-03,1664755200,4.2354,4.2374,4.0434,4.1176
2022-10-04,1664841600,4.1134,4.1134,4.0018,4.0967
2022-10-05,1664928000,4.0967,4.1998,4.0778,4.1543
2022-10-06,1665014400,4.1461,4.262,4.1357,4.262
2022-10-07,1665100800,4.2558,4.3245,4.2558,4.3141
2022-10-11,1665446400,4.3078,4.3518,4.2681,4.3099
2022-10-12,1665532800,4.3141,4.3225,4.2764,4.2932
2022-10-13,1665619200,4.2953,4.5183,4.2764,4.4656
2022-10-14,1665705600,4.4656,4.5171,4.3987,4.498
2022-10-17,1665964800,4.479,4.4875,4.4094,4.4475
2022-10-18,1666051200,4.4496,4.4668,4.4075,4.4328
2022-10-19,1666137600,4.4307,4.5606,4.4307,4.5606
2022-10-20,1666224000,4.5606,4.6207,4.5567,4.6122
2022-10-21,1666310400,4.6122,4.637,4.4744,4.4808
2022-10-24,1666569600,4.468,4.5196,4.417,4.5089
2022-10-25,1666656000,4.5089,4.5089,4.4,4.4814
2022-10-26,1666742400,4.4728,4.4741,4.4018,4.408
2022-10-27,1666828800,4.4183,4.4575,4.2741,4.2803
2022-10-28,1666915200,4.2803,4.4286,4.268,4.4245
2022-10-31,1667174400,4.4451,4.499,4.4431,4.4886
2022-11-01,1667260800,4.4865,4.555,4.4059,4.5529
2022-11-02,1667347200,4.5509,4.6238,4.4514,4.6238
2022-11-03,1667433600,4.6114,5.1337,4.6114,4.718
2022-11-04,1667520000,4.718,4.78,4.6479,4.6626
2022-11-07,1667779200,4.6752,4.728,4.6731,4.7258
2022-11-08,1667865600,4.728,4.7406,4.6527,4.6527
2022-11-09,1667952000,4.6569,4.6951,4.5795,4.5837
2022-11-10,1668038400,4.5816,4.6289,4.2965,4.3363
2022-11-11,1668124800,4.33,4.33,4.33,4.33
2022-11-14,1668384000,4.4035,4.4309,4.374,4.393
2022-11-15,1668470400,4.3993,4.4056,4.3256,4.3445
2022-11-16,1668556800,4.3445,4.3992,4.3214,4.3613
2022-11-17,1668643200,4.3655,4.4816,4.3548,4.4562
2022-11-18,1668729600,4.4605,4.5393,4.4458,4.5393
2022-11-21,1668988800,4.5223,4.5672,4.4968,4.5608
2022-11-22,1669075200,4.563,4.563,4.4897,4.5186
2022-11-23,1669161600,4.5227,4.564,4.4732,4.4876
2022-11-24,1669248000,4.4732,4.4732,4.4732,4.4732
2022-11-25,1669334400,4.4443,4.5144,4.4237,4.467
2022-11-28,1669593600,4.4587,4.4752,4.4258,4.4443
2022-11-29,1669680000,4.4422,4.4876,4.4113,4.4793
2022-11-30,1669766400,4.4814,4.5475,4.3143,4.3143
2022-12-01,1669852800,4.3287,4.3635,4.2317,4.2317
2022-12-02,1669939200,4.2358,4.3793,4.185,4.2738
2022-12-05,1670198400,4.3048,4.4143,4.2983,4.3895
2022-12-06,1670284800,4.3957,4.3996,4.3519,4.3705
2022-12-07,1670371200,4.3664,4.3788,4.2541,4.2603
2022-12-08,1670457600,4.2644,4.3264,4.2644,4.3118
2022-12-09,1670544000,4.3139,4.3527,4.265,4.3527
2022-12-12,1670803200,4.361,4.4089,4.3189,4.3817
2022-12-13,1670889600,4.3817,4.4444,4.1557,4.2245
2022-12-14,1670976000,4.2141,4.2911,4.1635,4.2136
2022-12-15,1671062400,4.2158,4.2698,4.209,4.2404
2022-12-16,1671148800,4.2404,4.2918,4.1594,4.1846
2022-12-19,1671408000,4.2014,4.2683,4.1735,4.2599
2022-12-20,1671494400,4.2641,4.3101,4.2451,4.2595
2022-12-21,1671580800,4.2658,4.2785,4.1979,4.2169
2022-12-22,1671667200,4.2232,4.2799,4.1911,4.2735
2022-12-23,1671753600,4.2799,4.3317,4.2636,4.3275
2022-12-27,1672099200,4.3339,4.4361,4.3317,4.3806
2022-12-28,1672185600,4.3827,4.3827,4.3304,4.3553
2022-12-29,1672272000,4.3574,4.3843,4.3429,4.3636
2022-12-30,1672358400,4.3656,4.4362,4.3656,4.4279
2023-01-03,1672704000,4.4258,4.459,4.345,4.3782
2023-01-04,1672790400,4.372,4.3908,4.3222,4.3555
2023-01-05,1672876800,4.3555,4.4909,4.3555,4.4617
2023-01-06,1672963200,4.4638,4.4938,4.2515,4.2578
2023-01-09,1673222400,4.2578,4.289,4.1889,4.2139
2023-01-10,1673308800,4.2077,4.2786,4.2035,4.2514
2023-01-11,1673395200,4.2472,4.2639,4.2137,4.2221
2023-01-12,1673481600,4.22,4.3142,4.1279,4.1488
2023-01-13,1673568000,4.1447,4.2406,4.1124,4.2364
2023-01-17,1673913600,4.2364,4.2637,4.1815,4.2089
2023-01-18,1674000000,4.2047,4.2152,4.0741,4.0867
2023-01-19,1674086400,4.0846,4.1412,4.0405,4.1285
2023-01-20,1674172800,4.1285,4.1956,4.1264,4.1745
2023-01-23,1674432000,4.1766,4.2401,4.1616,4.2295
2023-01-24,1674518400,4.2316,4.2528,4.1997,4.2124
2023-01-25,1674604800,4.2103,4.2103,4.125,4.1291
2023-01-26,1674691200,4.1332,4.1929,4.125,4.1846
2023-01-27,1674777600,4.1888,4.2258,4.1805,4.2031
2023-01-30,1675036800,4.2135,4.267,4.199,4.2402
2023-01-31,1675123200,4.2402,4.2505,4.1805,4.2032
2023-02-01,1675209600,4.2052,4.2404,4.0858,4.1125
2023-02-02,1675296000,4.1002,4.1207,4.0403,4.1083
2023-02-03,1675382400,4.1001,4.3156,4.0836,4.2907
2023-02-06,1675641600,4.3469,4.487,4.3385,4.4744
2023-02-07,1675728000,4.4744,4.4812,4.4016,4.4686
2023-02-08,1675814400,4.4665,4.469,4.4187,4.425
2023-02-09,1675900800,4.4292,4.5093,4.4085,4.4841
2023-02-10,1675987200,4.4841,4.5297,4.4791,4.5212
2023-02-13,1676246400,4.5128,4.5534,4.5085,4.5217
2023-02-14,1676332800,4.5217,4.6366,4.4926,4.6218
2023-02-15,1676419200,4.6197,4.6819,4.5927,4.6351
2023-02-16,1676505600,4.633,4.6741,4.5826,4.6421
2023-02-17,1676592000,4.6443,4.7111,4.6148,4.6212
2023-02-21,1676937600,4.6683,4.7333,4.6475,4.7269
2023-02-22,1677024000,4.729,4.729,4.656,4.6974
2023-02-23,1677110400,4.6974,4.7492,4.685,4.7015
2023-02-24,1677196800,4.7036,4.8343,4.6809,4.8198
2023-02-27,1677456000,4.8094,4.8572,4.7804,4.7824
2023-02-28,1677542400,4.7824,4.8324,4.7824,4.82
2023-03-01,1677628800,4.8179,4.8952,4.8179,4.8785
2023-03-02,1677715200,4.8785,4.9393,4.8745,4.8892
2023-03-03,1677801600,4.8892,4.9131,4.8439,4.8606
2023-03-06,1678060800,4.8711,4.8945,4.8273,4.8882
2023-03-07,1678147200,4.8861,5.0148,4.8548,5.0127
2023-03-08,1678233600,5.0148,5.0802,4.9835,5.0764
2023-03-09,1678320000,5.0701,5.0701,4.8721,4.8742
2023-03-10,1678406400,4.87,4.87,4.58,4.5946
2023-03-13,1678665600,4.4353,4.5317,3.9827,3.9827
2023-03-14,1678752000,4.0158,4.3948,3.9444,4.2378
2023-03-15,1678838400,4.2567,4.4092,3.7466,3.8936
2023-03-16,1678924800,3.8916,4.1802,3.8314,4.1635
2023-03-17,1679011200,4.174,4.2514,3.8104,3.8312
2023-03-20,1679270400,3.9667,4.0253,3.6511,3.9826
2023-03-21,1679356800,3.9658,4.1854,3.9272,4.1707
2023-03-22,1679443200,4.1791,4.2523,3.9325,3.9409
2023-03-23,1679529600,3.9597,3.9988,3.7723,3.8372
2023-03-24,1679616000,3.8246,3.8539,3.5636,3.7646
2023-03-27,1679875200,3.8066,4.0268,3.7792,4.0057
2023-03-28,1679961600,3.9973,4.0886,3.9078,4.0886
2023-03-29,1680048000,4.0804,4.1298,4.0043,4.1051
2023-03-30,1680134400,4.101,4.1545,4.0454,4.1237
2023-03-31,1680220800,4.1215,4.17,4.0294,4.0294
2023-04-03,1680480000,4.11,4.133,3.9696,3.9696
2023-04-04,1680566400,3.9676,4.0256,3.8232,3.8315
2023-04-05,1680652800,3.8211,3.8954,3.6831,3.8004
2023-04-06,1680739200,3.7839,3.8351,3.7005,3.8351
2023-04-07,1680825600,3.8289,3.993,3.8268,3.993
2023-04-10,1681084800,3.943,4.0222,3.9306,4.0139
2023-04-11,1681171200,4.0098,4.0809,3.9661,4.0245
2023-04-12,1681257600,4.0329,4.0644,3.916,3.962
2023-04-13,1681344000,3.9682,3.9934,3.8931,3.9641
2023-04-14,1681430400,3.9746,4.1221,3.9495,4.1032
2023-04-17,1681689600,4.1348,4.2048,4.0992,4.1984
2023-04-18,1681776000,4.2048,4.2284,4.1565,4.201
2023-04-19,1681862400,4.2031,4.282,4.2031,4.248
2023-04-20,1681948800,4.248,4.2565,4.1445,4.1487
2023-04-21,1682035200,4.1508,4.1987,4.0965,4.1859
2023-04-24,1682294400,4.1837,4.1859,4.0925,4.0925
2023-04-25,1682380800,4.1053,4.1053,3.9077,3.9565
2023-04-26,1682467200,3.948,3.9921,3.877,3.953
2023-04-27,1682553600,3.9488,4.1053,3.9263,4.0744
2023-04-28,1682640000,4.0806,4.0909,4.0085,4.0085
2023-05-01,1682899200,4.0497,4.1469,4.0414,4.1469
2023-05-02,1682985600,4.1407,4.1513,3.9469,3.9901
2023-05-03,1683072000,3.9634,3.9944,3.8069,3.8069
2023-05-04,1683158400,3.8645,3.9428,3.6793,3.7944
2023-05-05,1683244800,3.7882,3.9326,3.7882,3.9181
2023-05-08,1683504000,3.943,3.9783,3.9222,3.9596
2023-05-09,1683590400,3.9742,4.0533,3.9701,4.0263
2023-05-10,1683676800,4.0263,4.0786,3.8827,3.9139
2023-05-11,1683763200,3.9098,3.9369,3.8141,3.9015
2023-05-12,1683849600,3.8994,4.004,3.8765,3.9935
2023-05-15,1684108800,3.9935,4.0314,3.9789,4.0146
2023-05-16,1684195200,4.0104,4.1157,3.9665,4.0863
2023-05-17,1684281600,4.0842,4.173,4.061,4.1582
2023-05-18,1684368000,4.1603,4.2772,4.135,4.2581
2023-05-19,1684454400,4.2602,4.3447,4.2063,4.2702
2023-05-22,1684713600,4.2446,4.3389,4.2237,4.3218
2023-05-23,1684800000,4.3197,4.413,4.3111,4.3266
2023-05-24,1684886400,4.3202,4.395,4.25,4.38
2023-05-25,1684972800,4.378,4.54,4.346,4.535
2023-05-26,1685059200,4.537,4.629,4.473,4.576
2023-05-29,1685318400,4.615,4.65,4.576,4.606
2023-05-30,1685404800,4.611,4.613,4.434,4.464
2023-05-31,1685491200,4.452,4.476,4.342,4.407
2023-06-01,1685577600,4.409,4.469,4.313,4.345
2023-06-02,1685664000,4.343,4.538,4.329,4.505
2023-06-05,1685923200,4.531,4.579,4.403,4.47
2023-06-06,1686009600,4.47,4.558,4.428,4.481
2023-06-07,1686096000,4.497,4.613,4.485,4.558
2023-06-08,1686182400,4.552,4.598,4.472,4.519
2023-06-09,1686268800,4.517,4.625,4.515,4.598
2023-06-12,1686528000,4.644,4.646,4.55,4.581
2023-06-13,1686614400,4.585,4.742,4.485,4.67
2023-06-14,1686700800,4.677,4.829,4.594,4.69
2023-06-15,1686787200,4.694,4.794,4.615,4.65
2023-06-16,1686873600,4.65,4.788,4.638,4.716
2023-06-19,1687132800,4.716,4.763,4.688,4.756
2023-06-20,1687219200,4.756,4.763,4.641,4.691
2023-06-21,1687305600,4.685,4.757,4.678,4.722
2023-06-22,1687392000,4.72,4.806,4.717,4.793
2023-06-23,1687478400,4.791,4.808,4.705,4.748
2023-06-26,1687737600,4.744,4.758,4.69,4.746
2023-06-27,1687824000,4.744,4.787,4.648,4.758
2023-06-28,1687910400,4.764,4.782,4.704,4.714
2023-06-29,1687996800,4.712,4.906,4.712,4.87
2023-06-30,1688083200,4.87,4.964,4.79,4.904
2023-07-03,1688342400,4.902,4.959,4.865,4.94
2023-07-05,1688515200,4.909,4.955,4.829,4.949
2023-07-06,1688601600,4.951,5.101,4.942,4.987
2023-07-07,1688688000,4.989,5.025,4.899,4.952
2023-07-10,1688947200,4.94,4.953,4.856,4.862
2023-07-11,1689033600,4.864,4.9,4.828,4.879
2023-07-12,1689120000,4.887,4.887,4.721,4.748
2023-07-13,1689206400,4.748,4.748,4.611,4.641
2023-07-14,1689292800,4.632,4.772,4.622,4.772
2023-07-17,1689552000,4.768,4.772,4.715,4.745
2023-07-18,1689638400,4.742,4.772,4.683,4.772
2023-07-19,1689724800,4.764,4.781,4.7,4.77
2023-07-20,1689811200,4.768,4.875,4.764,4.843
2023-07-21,1689897600,4.845,4.872,4.818,4.848
2023-07-24,1690156800,4.857,4.925,4.825,4.921
2023-07-25,1690243200,4.925,4.925,4.841,4.881
2023-07-26,1690329600,4.879,4.92,4.827,4.852
2023-07-27,1690416000,4.856,4.947,4.816,4.933
2023-07-28,1690502400,4.926,4.945,4.85,4.881
2023-07-31,1690761600,4.887,4.914,4.85,4.879
2023-08-01,1690848000,4.885,4.914,4.854,4.906
2023-08-02,1690934400,4.906,4.933,4.856,4.883
2023-08-03,1691020800,4.885,4.921,4.871,4.881
2023-08-04,1691107200,4.885,4.938,4.766,4.77
2023-08-07,1691366400,4.798,4.852,4.756,4.768
2023-08-08,1691452800,4.777,4.785,4.722,4.756
2023-08-09,1691539200,4.76,4.812,4.739,4.812
2023-08-10,1691625600,4.81,4.85,4.758,4.846
2023-08-11,1691712000,4.85,4.91,4.81,4.897
2023-08-14,1691971200,4.91,4.975,4.886,4.973
2023-08-15,1692057600,4.973,5.003,4.908,4.959
2023-08-16,1692144000,4.959,4.984,4.901,4.969
2023-08-17,1692230400,4.967,5.004,4.931,4.931
2023-08-18,1692316800,4.936,4.947,4.9,4.947
2023-08-21,1692576000,4.949,5.005,4.936,5.005
2023-08-22,1692662400,5.005,5.05,4.986,5.048
2023-08-23,1692748800,5.048,5.051,4.937,4.975
2023-08-24,1692835200,4.971,5.025,4.965,5.025
2023-08-25,1692921600,5.023,5.091,5.014,5.076
2023-08-28,1693180800,5.1,5.104,5.039,5.054
2023-08-29,1693267200,5.052,5.052,4.873,4.898
2023-08-30,1693353600,4.894,4.93,4.843,4.888
2023-08-31,1693440000,4.882,4.911,4.848,4.867
2023-09-01,1693526400,4.863,4.885,4.787,4.883
2023-09-05,1693872000,4.906,4.97,4.895,4.962
2023-09-06,1693958400,4.96,5.035,4.935,5.029
2023-09-07,1694044800,5.023,5.031,4.943,4.953
2023-09-08,1694131200,4.953,4.995,4.921,4.995
2023-09-11,1694390400,5.001,5.007,4.978,4.993
2023-09-12,1694476800,4.995,5.024,4.984,5.024
2023-09-13,1694563200,5.02,5.043,4.963,4.973
2023-09-14,1694649600,4.971,5.022,4.957,5.016
2023-09-15,1694736000,5.014,5.047,4.999,5.037
2023-09-18,1694995200,5.037,5.314,5.035,5.058
2023-09-19,1695081600,5.056,5.109,5.045,5.094
2023-09-20,1695168000,5.092,5.178,5.049,5.178
2023-09-21,1695254400,5.172,5.197,5.127,5.148
2023-09-22,1695340800,5.144,5.144,5.082,5.114
2023-09-25,1695600000,5.101,5.138,5.101,5.127
2023-09-26,1695686400,5.127,5.155,5.114,5.125
2023-09-27,1695772800,5.134,5.154,5.046,5.14
2023-09-28,1695859200,5.137,5.154,5.06,5.06
2023-09-29,1695945600,5.064,5.079,5.021,5.052
2023-10-02,1696204800,5.094,5.121,5.081,5.106
2023-10-03,1696291200,5.108,5.154,5.085,5.154
2023-10-04,1696377600,5.154,5.178,5.043,5.056
2023-10-05,1696464000,5.054,5.062,5.016,5.023
2023-10-06,1696550400,5.025,5.128,5.024,5.085
2023-10-10,1696896000,4.934,5.018,4.93,4.972
2023-10-11,1696982400,4.968,5.02,4.951,4.986
2023-10-12,1697068800,4.986,5.081,4.978,5.071
2023-10-13,1697155200,5.073,5.073,5.018,5.06
2023-10-16,1697414400,5.075,5.103,5.056,5.101
2023-10-17,1697500800,5.101,5.237,5.098,5.212
2023-10-18,1697587200,5.214,5.238,5.173,5.225
2023-10-19,1697673600,5.22,5.259,5.159,5.159
2023-10-20,1697760000,5.161,5.167,5.067,5.077
2023-10-23,1698019200,5.09,5.135,5.047,5.052
2023-10-24,1698105600,5.047,5.129,5.047,5.116
2023-10-25,1698192000,5.108,5.127,5.054,5.123
2023-10-26,1698278400,5.125,5.139,5.029,5.042
2023-10-27,1698364800,5.046,5.06,5.0,5.01
2023-10-30,1698624000,5.033,5.067,5.025,5.05
2023-10-31,1698710400,5.056,5.091,5.017,5.091
2023-11-01,1698796800,5.083,5.087,4.933,4.948
2023-11-02,1698883200,4.948,4.996,4.925,4.996
2023-11-03,1698969600,4.996,5.006,4.812,4.839
2023-11-06,1699228800,4.853,4.941,4.851,4.939
2023-11-07,1699315200,4.941,4.953,4.89,4.922
2023-11-08,1699401600,4.915,4.953,4.911,4.936
2023-11-09,1699488000,4.936,5.039,4.922,5.022
2023-11-10,1699574400,5.029,5.069,4.98,5.067
2023-11-13,1699833600,5.069,5.081,5.024,5.039
2023-11-14,1699920000,5.033,5.05,4.813,4.838
2023-11-15,1700006400,4.836,4.933,4.828,4.918
2023-11-16,1700092800,4.914,4.916,4.819,4.84
2023-11-17,1700179200,4.85,4.913,4.801,4.888
2023-11-20,1700438400,4.89,4.922,4.881,4.915
2023-11-21,1700524800,4.919,4.919,4.866,4.877
2023-11-22,1700611200,4.883,4.938,4.846,4.904
2023-11-23,1700697600,4.898,4.898,4.898,4.898
2023-11-24,1700784000,4.927,4.959,4.927,4.955
2023-11-27,1701043200,4.966,4.983,4.886,4.89
2023-11-28,1701129600,4.89,4.89,4.736,4.738
2023-11-29,1701216000,4.742,4.742,4.633,4.648
2023-11-30,1701302400,4.646,4.73,4.629,4.684
2023-12-01,1701388800,4.695,4.71,4.545,4.551
2023-12-04,1701648000,4.574,4.668,4.574,4.637
2023-12-05,1701734400,4.637,4.644,4.575,4.577
2023-12-06,1701820800,4.579,4.624,4.577,4.595
2023-12-07,1701907200,4.595,4.636,4.576,4.597
2023-12-08,1701993600,4.593,4.738,4.593,4.723
2023-12-11,1702252800,4.74,4.771,4.71,4.71
2023-12-12,1702339200,4.71,4.741,4.678,4.733
2023-12-13,1702425600,4.735,4.735,4.426,4.431
2023-12-14,1702512000,4.433,4.433,4.286,4.39
2023-12-15,1702598400,4.386,4.47,4.361,4.449
2023-12-18,1702857600,4.445,4.465,4.409,4.448
2023-12-19,1702944000,4.451,4.463,4.416,4.444
2023-12-20,1703030400,4.442,4.442,4.333,4.338
2023-12-21,1703116800,4.34,4.385,4.307,4.352
2023-12-22,1703203200,4.352,4.364,4.317,4.329
2023-12-26,1703548800,4.338,4.38,4.329,4.36
2023-12-27,1703635200,4.356,4.356,4.235,4.246
2023-12-28,1703721600,4.24,4.291,4.24,4.279
2023-12-29,1703808000,4.279,4.312,4.248,4.25
2024-01-02,1704153600,4.25,4.351,4.25,4.324
2024-01-03,1704240000,4.324,4.376,4.318,4.337
2024-01-04,1704326400,4.333,4.397,4.304,4.387
2024-01-05,1704412800,4.387,4.464,4.322,4.387
2024-01-08,1704672000,4.393,4.404,4.312,4.379
2024-01-09,1704758400,4.375,4.391,4.358,4.368
2024-01-10,1704844800,4.366,4.377,4.333,4.362
2024-01-11,1704931200,4.36,4.394,4.245,4.249
2024-01-12,1705017600,4.249,4.283,4.127,4.148
2024-01-16,1705363200,4.19,4.255,4.169,4.226
2024-01-17,1705449600,4.222,4.376,4.205,4.365
2024-01-18,1705536000,4.361,4.378,4.314,4.357
2024-01-19,1705622400,4.354,4.419,4.346,4.391
2024-01-22,1705881600,4.406,4.412,4.368,4.393
2024-01-23,1705968000,4.393,4.419,4.372,4.372
2024-01-24,1706054400,4.372,4.384,4.289,4.384
2024-01-25,1706140800,4.384,4.394,4.297,4.297
2024-01-26,1706227200,4.299,4.37,4.283,4.353
2024-01-29,1706486400,4.345,4.351,4.304,4.322
2024-01-30,1706572800,4.322,4.388,4.299,4.337
2024-01-31,1706659200,4.339,4.339,4.205,4.211
2024-02-01,1706745600,4.209,4.258,4.151,4.207
2024-02-02,1706832000,4.211,4.403,4.198,4.368
2024-02-05,1707091200,4.393,4.481,4.393,4.476
2024-02-06,1707177600,4.474,4.474,4.385,4.406
2024-02-07,1707264000,4.399,4.433,4.37,4.433
2024-02-08,1707350400,4.427,4.46,4.414,4.458
2024-02-09,1707436800,4.46,4.492,4.439,4.488
2024-02-12,1707696000,4.486,4.489,4.455,4.478
2024-02-13,1707782400,4.48,4.673,4.451,4.66
2024-02-14,1707868800,4.67,4.67,4.557,4.582
2024-02-15,1707955200,4.582,4.585,4.517,4.578
2024-02-16,1708041600,4.578,4.716,4.576,4.646
2024-02-20,1708387200,4.652,4.661,4.576,4.616
2024-02-21,1708473600,4.614,4.67,4.585,4.67
2024-02-22,1708560000,4.668,4.724,4.645,4.714
2024-02-23,1708646400,4.714,4.743,4.677,4.694
2024-02-26,1708905600,4.707,4.742,4.664,4.725
2024-02-27,1708992000,4.731,4.731,4.675,4.697
2024-02-28,1709078400,4.693,4.701,4.642,4.642
2024-02-29,1709164800,4.644,4.7,4.61,4.621
2024-03-01,1709251200,4.623,4.643,4.525,4.535
2024-03-04,1709510400,4.546,4.612,4.544,4.606
2024-03-05,1709596800,4.612,4.612,4.541,4.56
2024-03-06,1709683200,4.562,4.568,4.522,4.558
2024-03-07,1709769600,4.562,4.572,4.503,4.505
2024-03-08,1709856000,4.503,4.512,4.43,4.478
2024-03-11,1710115200,4.488,4.542,4.476,4.538
2024-03-12,1710201600,4.54,4.601,4.53,4.588
2024-03-13,1710288000,4.584,4.637,4.584,4.637
2024-03-14,1710374400,4.632,4.696,4.626,4.691
2024-03-15,1710460800,4.7,4.734,4.683,4.73
2024-03-18,1710720000,4.734,4.749,4.708,4.734
2024-03-19,1710806400,4.736,4.738,4.687,4.687
2024-03-20,1710892800,4.687,4.787,4.604,4.604
2024-03-21,1710979200,4.604,4.645,4.564,4.638
2024-03-22,1711065600,4.643,4.643,4.587,4.591
2024-03-25,1711324800,4.591,4.642,4.585,4.628
2024-03-26,1711411200,4.63,5.032,4.578,4.593
2024-03-27,1711497600,4.593,4.603,4.56,4.574
2024-03-28,1711584000,4.568,4.635,4.568,4.628
2024-04-01,1711929600,4.61,4.722,4.597,4.707
2024-04-02,1712016000,4.712,4.726,4.689,4.693
2024-04-03,1712102400,4.693,4.739,4.67,4.674
2024-04-04,1712188800,4.672,4.698,4.637,4.649
2024-04-05,1712275200,4.645,4.755,4.637,4.751
2024-04-08,1712534400,4.757,4.795,4.757,4.793
2024-04-09,1712620800,4.793,4.797,4.73,4.745
2024-04-10,1712707200,4.743,4.979,4.722,4.977
2024-04-11,1712793600,4.973,5.001,4.921,4.963
2024-04-12,1712880000,4.952,4.952,4.867,4.901
2024-04-15,1713139200,4.899,4.991,4.886,4.923
2024-04-16,1713225600,4.923,4.998,4.916,4.989
2024-04-17,1713312000,4.985,4.998,4.917,4.936
2024-04-18,1713398400,4.934,4.992,4.913,4.988
2024-04-19,1713484800,4.99,4.99,4.877,4.988
2024-04-22,1713744000,4.999,5.008,4.954,4.976
2024-04-23,1713830400,4.973,5.0,4.914,4.935
2024-04-24,1713916800,4.937,4.952,4.91,4.929
2024-04-25,1714003200,4.931,5.018,4.925,5.0
2024-04-26,1714089600,5.0,5.01,4.973,5.0
2024-04-29,1714348800,4.993,4.996,4.97,4.979
2024-04-30,1714435200,4.979,5.045,4.966,5.037
2024-05-01,1714521600,5.037,5.037,4.939,4.964
2024-05-02,1714608000,4.969,4.975,4.877,4.877
2024-05-03,1714694400,4.881,4.891,4.768,4.82
2024-05-06,1714953600,4.806,4.835,4.782,4.835
2024-05-07,1715040000,4.833,4.839,4.803,4.832
2024-05-08,1715126400,4.83,4.845,4.826,4.841
2024-05-09,1715212800,4.841,4.855,4.807,4.82
2024-05-10,1715299200,4.818,4.872,4.811,4.868
2024-05-13,1715558400,4.863,4.865,4.83,4.865
2024-05-14,1715644800,4.868,4.868,4.817,4.817
2024-05-15,1715731200,4.821,4.825,4.724,4.726
2024-05-16,1715817600,4.726,4.8,4.705,4.797
2024-05-17,1715904000,4.795,4.829,4.774,4.827
2024-05-20,1716163200,4.82,4.852,4.814,4.852
2024-05-21,1716249600,4.852,4.852,4.82,4.833
2024-05-22,1716336000,4.831,4.878,4.831,4.873
2024-05-23,1716422400,4.875,4.95,4.863,4.94
2024-05-24,1716508800,4.94,4.955,4.92,4.948
2024-05-28,1716854400,4.938,4.981,4.907,4.981
2024-05-29,1716940800,4.978,4.991,4.948,4.977
2024-05-30,1717027200,4.977,4.985,4.923,4.929
2024-05-31,1717113600,4.927,4.952,4.866,4.877
2024-06-03,1717372800,4.871,4.885,4.812,4.812
2024-06-04,1717459200,4.812,4.831,4.749,4.773
2024-06-05,1717545600,4.773,4.795,4.724,4.724
2024-06-06,1717632000,4.724,4.751,4.718,4.728
2024-06-07,1717718400,4.726,4.889,4.726,4.889
2024-06-10,1717977600,4.895,4.897,4.872,4.883
2024-06-11,1718064000,4.885,4.885,4.828,4.834
2024-06-12,1718150400,4.838,4.846,4.672,4.756
2024-06-13,1718236800,4.756,4.768,4.674,4.701
2024-06-14,1718323200,4.703,4.726,4.666,4.707
2024-06-17,1718582400,4.69,4.77,4.69,4.77
2024-06-18,1718668800,4.768,4.78,4.701,4.716
2024-06-19,1718755200,4.718,4.718,4.718,4.718
2024-06-20,1718841600,4.727,4.752,4.718,4.744
2024-06-21,1718928000,4.739,4.748,4.698,4.736
2024-06-24,1719187200,4.732,4.749,4.721,4.728
2024-06-25,1719273600,4.723,4.755,4.717,4.745
2024-06-26,1719360000,4.745,4.753,4.702,4.749
2024-06-27,1719446400,4.753,4.762,4.704,4.714
2024-06-28,1719532800,4.712,4.758,4.67,4.758
2024-07-01,1719792000,4.762,4.789,4.731,4.76
2024-07-02,1719878400,4.76,4.762,4.716,4.745
2024-07-03,1719964800,4.752,4.771,4.675,4.708
2024-07-05,1720137600,4.72,4.72,4.599,4.608
2024-07-08,1720396800,4.618,4.637,4.614,4.633
2024-07-09,1720483200,4.635,4.654,4.622,4.63
2024-07-10,1720569600,4.626,4.637,4.605,4.624
2024-07-11,1720656000,4.622,4.639,4.494,4.517
2024-07-12,1720742400,4.515,4.532,4.449,4.453
2024-07-15,1721001600,4.458,4.474,4.438,4.46
2024-07-16,1721088000,4.46,4.47,4.413,4.419
2024-07-17,1721174400,4.421,4.476,4.421,4.44
2024-07-18,1721260800,4.438,4.476,4.438,4.476
2024-07-19,1721347200,4.471,4.517,4.462,4.515
2024-07-22,1721606400,4.509,4.543,4.498,4.519
2024-07-23,1721692800,4.521,4.523,4.483,4.493
2024-07-24,1721779200,4.496,4.496,4.379,4.433
2024-07-25,1721865600,4.433,4.449,4.344,4.435
2024-07-26,1721952000,4.435,4.447,4.379,4.387
2024-07-29,1722211200,4.389,4.402,4.363,4.402
2024-07-30,1722297600,4.402,4.408,4.352,4.361
2024-07-31,1722384000,4.361,4.381,4.257,4.26
2024-08-01,1722470400,4.26,4.299,4.144,4.152
2024-08-02,1722556800,4.156,4.158,3.868,3.886
2024-08-05,1722816000,3.888,3.945,3.66,3.924
2024-08-06,1722902400,3.902,4.018,3.902,3.981
2024-08-07,1722988800,3.991,4.034,3.964,3.964
2024-08-08,1723075200,3.983,4.077,3.908,4.04
2024-08-09,1723161600,4.036,4.064,4.005,4.059
2024-08-12,1723420800,4.057,4.08,4.007,4.021
2024-08-13,1723507200,4.021,4.029,3.936,3.936
2024-08-14,1723593600,3.936,3.983,3.918,3.962
2024-08-15,1723680000,3.96,4.116,3.951,4.099
2024-08-16,1723766400,4.097,4.108,4.035,4.054
2024-08-19,1724025600,4.083,4.085,4.039,4.07
2024-08-20,1724112000,4.072,4.074,3.988,3.988
2024-08-21,1724198400,3.994,4.004,3.905,3.937
2024-08-22,1724284800,3.933,4.023,3.926,4.01
2024-08-23,1724371200,4.014,4.019,3.907,3.92
2024-08-26,1724630400,3.903,3.94,3.879,3.938
2024-08-27,1724716800,3.938,3.961,3.901,3.903
2024-08-28,1724803200,3.899,3.899,3.851,3.871
2024-08-29,1724889600,3.867,3.902,3.857,3.898
2024-08-30,1724976000,3.898,3.933,3.896,3.921
2024-09-03,1725321600,3.929,3.939,3.855,3.867
2024-09-04,1725408000,3.863,3.871,3.758,3.758
2024-09-05,1725494400,3.766,3.785,3.713,3.741
2024-09-06,1725580800,3.746,3.768,3.625,3.65
2024-09-09,1725840000,3.654,3.708,3.654,3.671
2024-09-10,1725926400,3.671,3.698,3.592,3.6
2024-09-11,1726012800,3.596,3.677,3.552,3.644
2024-09-12,1726099200,3.65,3.699,3.625,3.643
2024-09-13,1726185600,3.648,3.648,3.568,3.585
2024-09-16,1726444800,3.587,3.587,3.534,3.553
2024-09-17,1726531200,3.555,3.615,3.544,3.607
2024-09-18,1726617600,3.607,3.722,3.554,3.623
2024-09-19,1726704000,3.628,3.659,3.575,3.586
2024-09-20,1726790400,3.588,3.644,3.562,3.597
2024-09-23,1727049600,3.597,3.622,3.563,3.591
2024-09-24,1727136000,3.587,3.616,3.536,3.542
2024-09-25,1727222400,3.54,3.563,3.504,3.561
2024-09-26,1727308800,3.561,3.631,3.539,3.631
2024-09-27,1727395200,3.627,3.643,3.559,3.561
2024-09-30,1727654400,3.567,3.664,3.559,3.643
2024-10-01,1727740800,3.645,3.647,3.582,3.608
2024-10-02,1727827200,3.606,3.656,3.602,3.645
2024-10-03,1727913600,3.637,3.714,3.637,3.707
2024-10-04,1728000000,3.707,3.932,3.689,3.926
2024-10-07,1728259200,3.957,4.018,3.934,3.997
2024-10-08,1728345600,3.995,3.995,3.941,3.962
2024-10-09,1728432000,3.962,4.026,3.941,4.026
2024-10-10,1728518400,4.022,4.058,3.959,3.961
2024-10-11,1728604800,3.964,3.987,3.934,3.953
2024-10-15,1728950400,3.966,3.973,3.929,3.947
2024-10-16,1729036800,3.948,3.954,3.921,3.942
2024-10-17,1729123200,3.942,4.002,3.94,3.976
2024-10-18,1729209600,3.976,3.986,3.946,3.95
2024-10-21,1729468800,3.961,4.034,3.95,4.034
2024-10-22,1729555200,4.032,4.056,4.013,4.035
2024-10-23,1729641600,4.032,4.086,4.032,4.084
2024-10-24,1729728000,4.082,4.086,4.036,4.083
2024-10-25,1729814400,4.083,4.111,4.04,4.109
2024-10-28,1730073600,4.128,4.157,4.099,4.138
2024-10-29,1730160000,4.135,4.172,4.1,4.1
2024-10-30,1730246400,4.1,4.179,4.078,4.176
2024-10-31,1730332800,4.174,4.212,4.15,4.174
2024-11-01,1730419200,4.17,4.239,4.071,4.203
2024-11-04,1730678400,4.212,4.212,4.129,4.164
2024-11-05,1730764800,4.168,4.239,4.162,4.183
2024-11-06,1730851200,4.189,4.301,4.183,4.266
2024-11-07,1730937600,4.266,4.278,4.197,4.203
2024-11-08,1731024000,4.195,4.267,4.17,4.25
2024-11-12,1731369600,4.29,4.361,4.277,4.344
2024-11-13,1731456000,4.344,4.37,4.25,4.284
2024-11-14,1731542400,4.288,4.366,4.248,4.349
2024-11-15,1731628800,4.358,4.377,4.269,4.306
2024-11-18,1731888000,4.31,4.335,4.278,4.282
2024-11-19,1731974400,4.28,4.289,4.217,4.285
2024-11-20,1732060800,4.282,4.321,4.27,4.319
2024-11-21,1732147200,4.321,4.355,4.287,4.351
2024-11-22,1732233600,4.349,4.38,4.322,4.38
2024-11-25,1732492800,4.347,4.36,4.264,4.273
2024-11-26,1732579200,4.273,4.293,4.24,4.258
2024-11-27,1732665600,4.248,4.258,4.202,4.231
2024-11-28,1732752000,4.231,4.231,4.231,4.231
2024-11-29,1732838400,4.227,4.229,4.155,4.16
2024-12-02,1733097600,4.184,4.229,4.174,4.184
2024-12-03,1733184000,4.186,4.192,4.148,4.181
2024-12-04,1733270400,4.181,4.206,4.117,4.13
2024-12-05,1733356800,4.132,4.175,4.132,4.146
2024-12-06,1733443200,4.144,4.224,4.081,4.096
2024-12-09,1733702400,4.1,4.133,4.1,4.127
2024-12-10,1733788800,4.129,4.17,4.114,4.147
2024-12-11,1733875200,4.147,4.195,4.101,4.155
2024-12-12,1733961600,4.157,4.197,4.136,4.195
2024-12-13,1734048000,4.199,4.249,4.184,4.243
2024-12-16,1734307200,4.236,4.255,4.222,4.253
2024-12-17,1734393600,4.253,4.287,4.236,4.249
2024-12-18,1734480000,4.247,4.363,4.215,4.361
2024-12-19,1734566400,4.359,4.359,4.289,4.321
2024-12-20,1734652800,4.319,4.323,4.261,4.318
2024-12-23,1734912000,4.321,4.349,4.308,4.344
2024-12-24,1734998400,4.34,4.357,4.33,4.339
2024-12-26,1735171200,4.343,4.365,4.326,4.332
2024-12-27,1735257600,4.332,4.343,4.306,4.328
2024-12-30,1735516800,4.332,4.332,4.248,4.248
2024-12-31,1735603200,4.244,4.266,4.221,4.24
2025-01-02,1735776000,4.24,4.268,4.211,4.244
2025-01-03,1735862400,4.246,4.287,4.231,4.281
2025-01-06,1736121600,4.291,4.299,4.252,4.279
2025-01-07,1736208000,4.27,4.318,4.258,4.295
2025-01-08,1736294400,4.289,4.31,4.266,4.287
2025-01-09,1736380800,4.287,4.287,4.258,4.266
2025-01-10,1736467200,4.256,4.396,4.256,4.381
2025-01-13,1736726400,4.383,4.424,4.383,4.384
2025-01-14,1736812800,4.392,4.403,4.361,4.369
2025-01-15,1736899200,4.369,4.373,4.26,4.268
2025-01-16,1736985600,4.268,4.314,4.23,4.232
2025-01-17,1737072000,4.234,4.285,4.223,4.282
2025-01-21,1737417600,4.24,4.293,4.223,4.276
2025-01-22,1737504000,4.274,4.304,4.268,4.302
2025-01-23,1737590400,4.302,4.308,4.281,4.293
2025-01-24,1737676800,4.289,4.289,4.246,4.261
2025-01-27,1737936000,4.261,4.263,4.174,4.204
2025-01-28,1738022400,4.199,4.228,4.197,4.199
2025-01-29,1738108800,4.197,4.257,4.185,4.218
2025-01-30,1738195200,4.22,4.224,4.191,4.211
2025-01-31,1738281600,4.214,4.238,4.191,4.205
2025-02-03,1738540800,4.274,4.278,4.21,4.251
2025-02-04,1738627200,4.251,4.272,4.21,4.216
2025-02-05,1738713600,4.216,4.228,4.166,4.191
2025-02-06,1738800000,4.189,4.218,4.187,4.216
2025-02-07,1738886400,4.214,4.291,4.214,4.289
2025-02-10,1739145600,4.285,4.294,4.252,4.279
2025-02-11,1739232000,4.279,4.296,4.277,4.29
2025-02-12,1739318400,4.29,4.384,4.286,4.357
2025-02-13,1739404800,4.357,4.359,4.303,4.309
2025-02-14,1739491200,4.309,4.311,4.24,4.26
2025-02-18,1739836800,4.259,4.31,4.257,4.308
2025-02-19,1739923200,4.31,4.31,4.27,4.272
2025-02-20,1740009600,4.272,4.274,4.251,4.274
2025-02-21,1740096000,4.27,4.276,4.187,4.199
2025-02-24,1740355200,4.2,4.224,4.166,4.175
2025-02-25,1740441600,4.177,4.177,4.08,4.096
2025-02-26,1740528000,4.1,4.131,4.068,4.074
2025-02-27,1740614400,4.074,4.119,4.055,4.055
2025-02-28,1740700800,4.053,4.061,3.985,3.985
2025-03-03,1740960000,4.02,4.036,3.948,3.954
2025-03-04,1741046400,3.958,3.993,3.849,3.993
2025-03-05,1741132800,3.984,4.009,3.906,4.009
2025-03-06,1741219200,4.007,4.042,3.94,3.963
2025-03-07,1741305600,3.965,4.023,3.898,3.999
2025-03-10,1741564800,3.96,3.989,3.887,3.887
2025-03-11,1741651200,3.89,3.949,3.832,3.947
2025-03-12,1741737600,3.949,4.003,3.916,3.993
2025-03-13,1741824000,3.989,4.011,3.93,3.961
2025-03-14,1741910400,3.957,4.023,3.957,4.021
2025-03-17,1742169600,4.002,4.059,4.0,4.046
2025-03-18,1742256000,4.048,4.063,4.025,4.044
2025-03-19,1742342400,4.044,4.107,3.977,3.977
2025-03-20,1742428800,3.977,3.991,3.922,3.966
2025-03-21,1742515200,3.966,3.973,3.914,3.953
2025-03-24,1742774400,3.969,4.041,3.969,4.039
2025-03-25,1742860800,4.041,4.056,3.998,4.022
2025-03-26,1742947200,4.017,4.025,3.998,4.021
2025-03-27,1743033600,4.021,4.037,3.984,3.994
2025-03-28,1743120000,3.996,4.0,3.904,3.911
2025-03-31,1743379200,3.865,3.922,3.842,3.887
2025-04-01,1743465600,3.887,3.893,3.848,3.883
2025-04-02,1743552000,3.875,3.947,3.846,3.867
2025-04-03,1743638400,3.842,3.842,3.686,3.686
2025-04-04,1743724800,3.694,3.694,3.473,3.641
2025-04-07,1743984000,3.473,3.804,3.459,3.78
2025-04-08,1744070400,3.771,3.858,3.676,3.734
2025-04-09,1744156800,3.73,3.997,3.662,3.912
2025-04-10,1744243200,3.914,3.914,3.791,3.87
2025-04-11,1744329600,3.862,3.971,3.801,3.971
2025-04-14,1744588800,3.937,3.947,3.828,3.849
2025-04-15,1744675200,3.849,3.881,3.816,3.849
2025-04-16,1744761600,3.851,3.851,3.774,3.774
2025-04-17,1744848000,3.776,3.819,3.765,3.8
2025-04-21,1745193600,3.796,3.796,3.725,3.769
2025-04-22,1745280000,3.769,3.823,3.76,3.821
2025-04-23,1745366400,3.821,3.875,3.783,3.875
2025-04-24,1745452800,3.869,3.869,3.789,3.801
2025-04-25,1745539200,3.793,3.822,3.754,3.755
2025-04-28,1745798400,3.764,3.781,3.681,3.697
2025-04-29,1745884800,3.689,3.715,3.65,3.654
2025-04-30,1745971200,3.656,3.672,3.593,3.607
2025-05-01,1746057600,3.613,3.719,3.564,3.701
2025-05-02,1746144000,3.703,3.843,3.688,3.823
2025-05-05,1746403200,3.824,4.281,3.793,3.836
2025-05-06,1746489600,3.841,3.853,3.779,3.787
2025-05-07,1746576000,3.785,3.826,3.766,3.781
2025-05-08,1746662400,3.783,3.907,3.781,3.878
2025-05-09,1746748800,3.88,3.895,3.839,3.888
2025-05-12,1747008000,3.92,4.017,3.912,4.015
2025-05-13,1747094400,4.01,4.027,3.971,4.004
2025-05-14,1747180800,4.004,4.059,3.988,4.055
2025-05-15,1747267200,4.059,4.062,3.957,3.965
2025-05-16,1747353600,3.955,3.997,3.924,3.991
2025-05-19,1747612800,3.987,4.031,3.968,3.979
2025-05-20,1747699200,3.972,3.996,3.956,3.975
2025-05-21,1747785600,3.971,4.024,3.96,4.021
2025-05-22,1747872000,4.021,4.021,3.979,3.994
2025-05-23,1747958400,3.99,3.998,3.912,3.991
2025-05-27,1748304000,3.993,3.998,3.964,3.977
2025-05-28,1748390400,3.983,4.005,3.953,3.994
2025-05-29,1748476800,3.992,4.04,3.935,3.939
2025-05-30,1748563200,3.943,3.951,3.893,3.898
2025-06-02,1748822400,3.906,3.945,3.898,3.939
2025-06-03,1748908800,3.937,3.97,3.916,3.955
2025-06-04,1748995200,3.957,3.97,3.86,3.869
2025-06-05,1749081600,3.869,3.935,3.846,3.922
2025-06-06,1749168000,3.92,4.043,3.908,4.036
2025-06-09,1749427200,4.024,4.033,3.995,4.005
2025-06-10,1749513600,4.003,4.022,3.985,4.02
2025-06-11,1749600000,4.024,4.05,3.941,3.956
2025-06-12,1749686400,3.952,3.952,3.881,3.912
2025-06-13,1749772800,3.912,3.979,3.866,3.949
2025-06-16,1750032000,3.962,3.994,3.943,3.971
2025-06-17,1750118400,3.973,3.975,3.929,3.956
2025-06-18,1750204800,3.946,3.958,3.904,3.946
2025-06-19,1750291200,3.939,3.939,3.939,3.939
2025-06-20,1750377600,3.925,3.967,3.895,3.904
2025-06-23,1750636800,3.914,3.929,3.817,3.865
2025-06-24,1750723200,3.863,3.863,3.808,3.823
2025-06-25,1750809600,3.827,3.827,3.768,3.785
2025-06-26,1750896000,3.781,3.781,3.711,3.721
2025-06-27,1750982400,3.719,3.76,3.719,3.744
2025-06-30,1751241600,3.746,3.75,3.717,3.723
2025-07-01,1751328000,3.727,3.785,3.699,3.775
2025-07-02,1751414400,3.773,3.799,3.754,3.787
2025-07-03,1751500800,3.791,3.89,3.756,3.886
2025-07-07,1751846400,3.855,3.903,3.851,3.897
2025-07-08,1751932800,3.897,3.897,3.893,3.893
2025-07-10,1752105600,3.849,3.887,3.847,3.872
2025-07-11,1752192000,3.878,3.914,3.864,3.892
2025-07-14,1752451200,3.879,3.908,3.877,3.902
2025-07-15,1752537600,3.902,3.961,3.898,3.944
2025-07-16,1752624000,3.955,3.957,3.875,3.894
2025-07-17,1752710400,3.896,3.923,3.89,3.907
2025-07-18,1752796800,3.907,3.907,3.861,3.875
2025-07-21,1753056000,3.871,3.878,3.842,3.863
2025-07-22,1753142400,3.861,3.872,3.825,3.833
2025-07-23,1753228800,3.838,3.891,3.833,3.882
2025-07-24,1753315200,3.884,3.929,3.878,3.918
2025-07-25,1753401600,3.916,3.932,3.91,3.917
2025-07-28,1753660800,3.94,3.94,3.909,3.93
2025-07-29,1753747200,3.93,3.93,3.869,3.871
2025-07-30,1753833600,3.869,3.947,3.863,3.945
2025-07-31,1753920000,3.945,3.961,3.916,3.959
2025-08-01,1754006400,3.961,3.999,3.674,3.704
2025-08-04,1754265600,3.661,3.729,3.659,3.677
2025-08-05,1754352000,3.677,3.728,3.669,3.726
2025-08-06,1754438400,3.724,3.745,3.699,3.716
2025-08-07,1754524800,3.714,3.736,3.705,3.732
2025-08-08,1754611200,3.724,3.765,3.724,3.758
2025-08-11,1754870400,3.762,3.773,3.746,3.773
2025-08-12,1754956800,3.766,3.806,3.716,3.733
2025-08-13,1755043200,3.733,3.745,3.668,3.677
2025-08-14,1755129600,3.679,3.745,3.658,3.735
2025-08-15,1755216000,3.735,3.759,3.717,3.759
2025-08-18,1755475200,3.761,3.776,3.738,3.767
2025-08-19,1755561600,3.769,3.776,3.742,3.75
2025-08-20,1755648000,3.754,3.765,3.716,3.75
2025-08-21,1755734400,3.752,3.802,3.75,3.796
2025-08-22,1755820800,3.792,3.804,3.68,3.688
2025-08-25,1756080000,3.711,3.736,3.709,3.726
2025-08-26,1756166400,3.724,3.728,3.675,3.681
2025-08-27,1756252800,3.683,3.683,3.613,3.613
2025-08-28,1756339200,3.615,3.648,3.613,3.631
2025-08-29,1756425600,3.633,3.645,3.607,3.623
2025-09-02,1756771200,3.637,3.676,3.631,3.641
2025-09-03,1756857600,3.641,3.662,3.604,3.621
2025-09-04,1756944000,3.621,3.621,3.588,3.59
2025-09-05,1757030400,3.59,3.594,3.468,3.507
2025-09-08,1757289600,3.52,3.53,3.484,3.488
2025-09-09,1757376000,3.488,3.56,3.488,3.56
2025-09-10,1757462400,3.556,3.558,3.519,3.546
2025-09-11,1757548800,3.544,3.575,3.488,3.546
2025-09-12,1757635200,3.544,3.574,3.537,3.558
2025-09-15,1757894400,3.562,3.57,3.528,3.541
2025-09-16,1757980800,3.539,3.545,3.505,3.505
2025-09-17,1758067200,3.51,3.555,3.472,3.555
2025-09-18,1758153600,3.555,3.589,3.522,3.566
2025-09-19,1758240000,3.572,3.586,3.561,3.582
2025-09-22,1758499200,3.578,3.607,3.567,3.605
2025-09-23,1758585600,3.605,3.609,3.584,3.588
2025-09-24,1758672000,3.588,3.698,3.561,3.606
2025-09-25,1758758400,3.606,3.67,3.6,3.657
2025-09-26,1758844800,3.661,3.666,3.643,3.647
2025-09-29,1759104000,3.637,3.645,3.623,3.623
2025-09-30,1759190400,3.625,3.625,3.59,3.61
2025-10-01,1759276800,3.617,3.617,3.537,3.539
2025-10-02,1759363200,3.537,3.574,3.531,3.541
2025-10-03,1759449600,3.539,3.578,3.539,3.572
2025-10-06,1759708800,3.58,3.599,3.572,3.59
2025-10-07,1759795200,3.592,3.605,3.564,3.566
2025-10-08,1759881600,3.568,3.593,3.56,3.584
2025-10-09,1759968000,3.584,3.601,3.578,3.595
2025-10-10,1760054400,3.597,3.597,3.514,3.522
2025-10-14,1760400000,3.502,3.518,3.468,3.483
2025-10-15,1760486400,3.485,3.512,3.466,3.499
2025-10-16,1760572800,3.497,3.512,3.414,3.426
2025-10-17,1760659200,3.422,3.468,3.378,3.464
2025-10-20,1760918400,3.462,3.48,3.455,3.457
2025-10-21,1761004800,3.459,3.47,3.438,3.457
2025-10-22,1761091200,3.455,3.468,3.44,3.447
2025-10-23,1761177600,3.447,3.495,3.438,3.493
2025-10-24,1761264000,3.493,3.512,3.455,3.484
2025-10-27,1761523200,3.501,3.516,3.495,3.495
2025-10-28,1761609600,3.497,3.514,3.482,3.492
2025-10-29,1761696000,3.49,3.61,3.486,3.6
2025-10-30,1761782400,3.596,3.631,3.582,3.612
2025-10-31,1761868800,3.608,3.617,3.578,3.606
2025-11-03,1762128000,3.58,3.613,3.58,3.607
2025-11-04,1762214400,3.605,3.609,3.57,3.578
2025-11-05,1762300800,3.576,3.636,3.549,3.634
2025-11-06,1762387200,3.634,3.634,3.549,3.557
2025-11-07,1762473600,3.557,3.578,3.533,3.557
2025-11-10,1762732800,3.587,3.603,3.574,3.593
2025-11-11,1762819200,3.595,3.595,3.595,3.595
2025-11-12,1762905600,3.549,3.574,3.549,3.572
2025-11-13,1762992000,3.566,3.603,3.566,3.593
2025-11-14,1763078400,3.589,3.616,3.547,3.614
2025-11-17,1763337600,3.606,3.619,3.591,3.612
2025-11-18,1763424000,3.614,3.614,3.556,3.575
2025-11-19,1763510400,3.577,3.598,3.562,3.594
2025-11-20,1763596800,3.596,3.617,3.535,3.535
2025-11-21,1763683200,3.535,3.556,3.499,3.514
2025-11-24,1763942400,3.505,3.531,3.499,3.499
2025-11-25,1764028800,3.501,3.502,3.455,3.461
2025-11-26,1764115200,3.457,3.5,3.457,3.479
2025-11-27,1764201600,3.477,3.477,3.477,3.477
2025-11-28,1764288000,3.487,3.516,3.463,3.491
2025-12-01,1764547200,3.502,3.539,3.483,3.532
2025-12-02,1764633600,3.532,3.541,3.51,3.512
2025-12-03,1764720000,3.512,3.512,3.473,3.488
2025-12-04,1764806400,3.486,3.531,3.486,3.525
2025-12-05,1764892800,3.525,3.569,3.517,3.564
2025-12-08,1765152000,3.565,3.608,3.554,3.577
2025-12-09,1765238400,3.579,3.619,3.565,3.619
2025-12-10,1765324800,3.615,3.627,3.532,3.54
2025-12-11,1765411200,3.544,3.545,3.503,3.543
2025-12-12,1765497600,3.538,3.549,3.522,3.531
2025-12-15,1765756800,3.524,3.524,3.493,3.504
2025-12-16,1765843200,3.506,3.51,3.477,3.489
2025-12-17,1765929600,3.489,3.51,3.483,3.485
2025-12-18,1766016000,3.485,3.485,3.441,3.462
2025-12-19,1766102400,3.464,3.492,3.464,3.485
2025-12-22,1766361600,3.488,3.513,3.486,3.509
2025-12-23,1766448000,3.507,3.555,3.493,3.534
2025-12-24,1766534400,3.534,3.54,3.506,3.51
2025-12-26,1766707200,3.512,3.512,3.475,3.483
2025-12-29,1766966400,3.487,3.491,3.457,3.457
2025-12-30,1767052800,3.457,3.469,3.446,3.45
2025-12-31,1767139200,3.452,3.477,3.44,3.475
2026-01-02,1767312000,3.475,3.49,3.465,3.477
2026-01-05,1767571200,3.482,3.482,3.449,3.453
2026-01-06,1767657600,3.453,3.486,3.453,3.465
2026-01-07,1767744000,3.463,3.478,3.447,3.47
2026-01-09,1767916800,3.512,3.541,3.492,3.533
2026-01-12,1768176000,3.531,3.55,3.517,3.535
2026-01-13,1768262400,3.535,3.565,3.5,3.536
2026-01-14,1768348800,3.536,3.54,3.505,3.513
2026-01-15,1768435200,3.513,3.567,3.511,3.567
2026-01-16,1768521600,3.565,3.61,3.556,3.589
2026-01-19,1768780800,3.596,3.596,3.596,3.596
2026-01-20,1768867200,3.596,3.606,3.571,3.598
2026-01-21,1768953600,3.598,3.598,3.569,3.586
2026-01-22,1769040000,3.586,3.622,3.583,3.607
2026-01-23,1769126400,3.607,3.618,3.595,3.595
2026-01-26,1769385600,3.593,3.606,3.581,3.591
2026-01-27,1769472000,3.591,3.601,3.564,3.576
2026-01-28,1769558400,3.578,3.597,3.562,3.572
2026-01-29,1769644800,3.574,3.585,3.544,3.564
2026-01-30,1769731200,3.558,3.579,3.523,3.523
2026-02-02,1769990400,3.525,3.575,3.499,3.575
2026-02-03,1770076800,3.577,3.591,3.56,3.571
2026-02-04,1770163200,3.573,3.585,3.55,3.558
2026-02-05,1770249600,3.556,3.563,3.451,3.454
2026-02-06,1770336000,3.454,3.511,3.426,3.501
2026-02-09,1770595200,3.501,3.521,3.478,3.488
2026-02-10,1770681600,3.488,3.488,3.445,3.455
2026-02-11,1770768000,3.457,3.548,3.445,3.513
2026-02-12,1770854400,3.511,3.515,3.453,3.459
2026-02-13,1770940800,3.457,3.48,3.4,3.411
2026-02-16,1771200000,3.407,3.407,3.407,3.407
2026-02-17,1771286400,3.407,3.444,3.384,3.436
2026-02-18,1771372800,3.438,3.467,3.433,3.463
2026-02-19,1771459200,3.465,3.486,3.454,3.461
2026-02-20,1771545600,3.458,3.496,3.452,3.479
2026-02-23,1771804800,3.481,3.485,3.435,3.441
2026-02-24,1771891200,3.443,3.471,3.439,3.466
2026-02-25,1771977600,3.464,3.48,3.447,3.474
2026-02-26,1772064000,3.474,3.478,3.431,3.431
2026-02-27,1772150400,3.433,3.433,3.374,3.38
2026-03-02,1772409600,3.374,3.499,3.364,3.478
2026-03-03,1772496000,3.478,3.598,3.468,3.511
2026-03-04,1772582400,3.509,3.553,3.497,3.55
2026-03-05,1772668800,3.55,3.596,3.547,3.584
2026-03-06,1772755200,3.582,3.63,3.518,3.562
2026-03-09,1773014400,3.624,3.634,3.537,3.541
2026-03-10,1773100800,3.541,3.593,3.531,3.593
2026-03-11,1773187200,3.593,3.656,3.571,3.654
2026-03-12,1773273600,3.654,3.765,3.637,3.744
2026-03-13,1773360000,3.746,3.76,3.687,3.72
2026-03-16,1773619200,3.706,3.714,3.668,3.672
2026-03-17,1773705600,3.67,3.694,3.654,3.679
2026-03-18,1773792000,3.677,3.789,3.654,3.778
2026-03-19,1773878400,3.78,3.956,3.758,3.796
2026-03-20,1773964800,3.796,3.94,3.794,3.903
2026-03-23,1774224000,3.923,4.015,3.791,3.855
2026-03-24,1774310400,3.859,3.962,3.845,3.892
2026-03-25,1774396800,3.896,3.905,3.851,3.886
2026-03-26,1774483200,3.888,3.999,3.886,3.987
2026-03-27,1774569600,3.991,4.026,3.899,3.913
2026-03-30,1774828800,3.886,3.897,3.806,3.831
2026-03-31,1774915200,3.835,3.839,3.755,3.796
2026-04-01,1775001600,3.798,3.816,3.734,3.806
2026-04-02,1775088000,3.804,3.865,3.777,3.797
2026-04-03,1775174400,3.804,3.888,3.797,3.845
2026-04-06,1775433600,3.857,4.252,3.836,3.849
2026-04-07,1775520000,3.853,3.876,3.793,3.793
2026-04-08,1775606400,3.795,3.799,3.712,3.789
2026-04-09,1775692800,3.793,3.799,3.741,3.772
2026-04-10,1775779200,3.778,3.811,3.751,3.8
2026-04-13,1776038400,3.846,3.848,3.771,3.775
2026-04-14,1776124800,3.78,3.792,3.744,3.748
2026-04-15,1776211200,3.748,3.779,3.737,3.765
2026-04-16,1776297600,3.765,3.785,3.741,3.777
2026-04-17,1776384000,3.779,3.781,3.678,3.707
2026-04-20,1776643200,3.738,3.743,3.709,3.724
2026-04-21,1776729600,3.724,3.806,3.719,3.782
2026-04-22,1776816000,3.784,3.805,3.753,3.801
2026-04-23,1776902400,3.803,3.845,3.788,3.837
2026-04-24,1776988800,3.841,3.845,3.771,3.782
2026-04-27,1777248000,3.807,3.815,3.783,3.798
2026-04-28,1777334400,3.8,3.853,3.794,3.835
2026-04-29,1777420800,3.839,4.154,3.835,3.952
2026-04-30,1777507200,3.952,3.954,3.868,3.872
2026-05-01,1777593600,3.87,3.903,3.843,3.883
2026-05-04,1777852800,3.889,4.313,3.889,3.955
2026-05-05,1777939200,3.953,3.957,3.922,3.943
2026-05-06,1778025600,3.945,3.945,3.838,3.866
2026-05-07,1778112000,3.866,3.925,3.823,3.912
2026-05-08,1778198400,3.912,3.934,3.873,3.886
2026-05-11,1778457600,3.921,3.955,3.907,3.955
2026-05-12,1778544000,3.955,4.001,3.95,3.993
2026-05-13,1778630400,3.995,4.014,3.974,3.982
2026-05-14,1778716800,3.982,4.022,3.953,4.022
2026-05-15,1778803200,4.02,4.085,4.014,4.074
2026-05-18,1779062400,4.079,4.104,4.036,4.047
2026-05-19,1779148800,4.049,4.138,4.045,4.121
2026-05-20,1779235200,4.124,4.126,4.014,4.058
2026-05-21,1779321600,4.06,4.116,4.046,4.084
2026-05-22,1779408000,4.086,4.141,4.052,4.122
2026-05-25,1779667200,4.12,4.12,4.12,4.12
2026-05-26,1779753600,4.12,4.12,4.033,4.033
2026-05-27,1779840000,4.035,4.526,4.005,4.034
2026-05-28,1779926400,4.036,4.079,3.991,4.024
2026-05-29,1780012800,4.026,4.034,3.985,4.005
2026-06-01,1780272000,4.03,4.089,4.024,4.034
2026-06-02,1780358400,4.034,4.05,4.007,4.046
2026-06-03,1780444800,4.044,4.094,4.042,4.083
2026-06-04,1780531200,4.083,4.083,4.024,4.046
2026-06-05,1780617600,4.044,4.177,4.028,4.15
2026-06-08,1780876800,4.171,4.2,4.123,4.163
2026-06-09,1780963200,4.167,4.171,4.111,4.119
2026-06-10,1781049600,4.119,4.18,4.107,4.146
2026-06-11,1781136000,4.144,4.159,4.04,4.063
2026-06-12,1781222400,4.061,4.103,4.036,4.084
2026-06-15,1781481600,4.023,4.072,4.015,4.069
2026-06-16,1781568000,4.069,4.074,4.036,4.057
2026-06-17,1781654400,4.055,4.219,4.042,4.188
2026-06-18,1781740800,4.185,4.216,4.14,4.18
2026-06-19,1781827200,4.184,4.184,4.178,4.178
